DBA,ADDRESS,CUISINE,GRADE,DATE,BUSINESS_NAME,CITY,ZIP,LATITUDE,LONGITUDE,LIC_STATUS,SWC_TYPE,LOCATION
SAC'S PIZZA PLACE,2541 BROADWAY,Italian,A,2018-06-06,"SAC'S PIZZA PLACE, INC.",ASTORIA,11106,40.763039861786424,-73.92762940915803,Active,Enclosed,"40.763039861786424,-73.92762940915803"
ELI ZABAR,922 MADISON AVE,American,A,2018-06-06,EAT MADISON LLC,NEW YORK,10021,40.77269402256201,-73.96487452667661,Active,Small Unenclosed,"40.77269402256201,-73.96487452667661"
CHALAIT,75 9TH AVE,Cafe/Coffee/Tea,A,2018-06-06,RANA USA LLC,NEW YORK,10011,40.74255097569739,-74.00538426294456,Active,Unenclosed,"40.74255097569739,-74.00538426294456"
DOMINIQUE ANSEL KITCHEN,137 7TH AVE S,Bakery,A,2018-06-06,INNOVATION KITCHENS LLC,NEW YORK,10014,40.734797158996784,-74.00203149282102,Active,Unenclosed,"40.734797158996784,-74.00203149282102"
EL NUEVO JOBO RESTAURANT & BAR,3915 BROADWAY,Latin,Z,2018-06-05,"WA-HI DINER, LLC",NEW YORK,10032,40.838412731060316,-73.94204660973378,Active,Enclosed,"40.838412731060316,-73.94204660973378"
CROWN FRIED CHICKEN,200 DYCKMAN ST,American,A,2018-06-05,FRANCISCO & FRANCISCO INC,NEW YORK,10040,40.864778069908105,-73.92702699962078,Active,Unenclosed,"40.864778069908105,-73.92702699962078"
PASTAI,186 9TH AVE,Italian,A,2018-06-05,PASTAIAT INC,NEW YORK,10011,40.74537268841464,-74.00193076587007,Active,Unenclosed,"40.74537268841464,-74.00193076587007"
POP & POUR,200 DYCKMAN ST,American,A,2018-06-05,FRANCISCO & FRANCISCO INC,NEW YORK,10040,40.864778069908105,-73.92702699962078,Active,Unenclosed,"40.864778069908105,-73.92702699962078"
MISS LILY'S 7A,109 AVENUE A,Caribbean,A,2018-06-04,SEVEN A CAFE INC.,NEW YORK,10009,40.72607319817032,-73.98375018486695,Active,Unenclosed,"40.72607319817032,-73.98375018486695"
CASCABEL TAQUERIA,2799 BROADWAY,Mexican,A,2018-06-04,2799 BROADWAY GROCERY LLC,NEW YORK,10025,40.80291168564096,-73.96797937318345,Active,Unenclosed,"40.80291168564096,-73.96797937318345"
BO CA PHE,222 LAFAYETTE ST,Asian,A,2018-06-04,CORIANDER FACTORY INC.,NEW YORK,10012,40.72211088855202,-73.99753958370971,Active,Small Unenclosed,"40.72211088855202,-73.99753958370971"
THE DEAD POET,450 AMSTERDAM AVE,Irish,Z,2018-06-04,D & D THAI RESTAURANT CORP.,NEW YORK,10024,40.78499079775516,-73.977221461252,Active,Unenclosed,"40.78499079775516,-73.977221461252"
POSTITANO,10018 4TH AVE,Italian,Z,2018-06-01,OSTERIA POSITANO LLC,BROOKLYN,11209,40.612635923430744,-74.03407959075122,Active,Unenclosed,"40.612635923430744,-74.03407959075122"
CHEZ LUCIEN,308 LENOX AVE,French,Z,2018-05-31,LENOX SAPHIRE LLC,NEW YORK,10027,40.807961576374154,-73.94507494737887,Active,Unenclosed,"40.807961576374154,-73.94507494737887"
5 NAPKIN BURGER,2315 BROADWAY,Hamburgers,A,2018-05-31,DONIZETTI LLC,NEW YORK,10024,40.787035761460636,-73.97792855027407,Active,Unenclosed,"40.787035761460636,-73.97792855027407"
BEACON BAR,2130 BROADWAY,American,A,2018-05-30,KDK LLC,NEW YORK,10023,40.78065208898341,-73.98119123707154,Active,Unenclosed,"40.78065208898341,-73.98119123707154"
108 FOOD DRIED HOT POT,2794 BROADWAY,Chinese,A,2018-05-30,MALAXIANGGUO ENTERPRISE INC,NEW YORK,10025,40.802648037156665,-73.96742686191533,Active,Unenclosed,"40.802648037156665,-73.96742686191533"
PATE PALO,251 DYCKMAN ST,Spanish,A,2018-05-30,VIDA ENTERPRISE INC.,NEW YORK,10034,40.86661222993757,-73.92814578849244,Active,Unenclosed,"40.86661222993757,-73.92814578849244"
DOUBLE ZERO,65 2ND AVE,American,A,2018-05-29,A & D WINE CORP.,NEW YORK,10003,40.72618642555181,-73.98977169093801,Active,Unenclosed,"40.72618642555181,-73.98977169093801"
BABA COOL,64 LAFAYETTE AVE,American,A,2018-05-29,LE BABA COOL INC,BROOKLYN,11217,40.686928625217526,-73.97534752081891,Active,Enclosed,"40.686928625217526,-73.97534752081891"
SIDO FALAFEL & MORE,267 COLUMBUS AVE,Mediterranean,A,2018-05-25,CLASSIC FOOD INC,NEW YORK,10023,40.777552806432084,-73.97847329130418,Active,Unenclosed,"40.777552806432084,-73.97847329130418"
THE FACTORY,779 WYCKOFF AVE,American,A,2018-05-25,MIFRA CORP,RIDGEWOOD,11385,40.69875013582228,-73.90923810756148,Active,Unenclosed,"40.69875013582228,-73.90923810756148"
SWEETGREEN,413 GREENWICH ST,Salads,A,2018-05-25,"SWEETGREEN NEW YORK, LLC",NEW YORK,10013,40.72133372972475,-74.00981629717195,Active,Unenclosed,"40.72133372972475,-74.00981629717195"
REGIONAL,2607 BROADWAY,Italian,A,2018-05-25,"WORKHORSE RESTAURANT, INC.",NEW YORK,10025,40.796311384648334,-73.97087549550777,Active,Unenclosed,"40.796311384648334,-73.97087549550777"
HILL AND BAY,581 2ND AVENUE,American,A,2018-05-24,"E & E RESTAURANT 2, LLC",NEW YORK,10016,40.74351498968212,-73.97716346563186,Active,Unenclosed,"40.74351498968212,-73.97716346563186"
THREES,113 FRANKLIN ST,French,A,2018-05-24,STARLITE WALKER LLC,BROOKLYN,11222,40.73004106777651,-73.95793341876883,Active,Small Unenclosed,"40.73004106777651,-73.95793341876883"
NY BRAT FACTORY,933 AMSTERDAM AVE,Jewish/Kosher,A,2018-05-23,HOT DAWGZ LLC,NEW YORK,10025,40.800130619280864,-73.96569078087299,Active,Unenclosed,"40.800130619280864,-73.96569078087299"
1803,78 READE ST,American,Z,2018-05-23,"BALCONY CAFE, LLC",NEW YORK,10007,40.71546014152436,-74.00713160944544,Active,Unenclosed,"40.71546014152436,-74.00713160944544"
ANNEX,753 FULTON ST,American,A,2018-05-23,ROGUE TRADER INC,BROOKLYN,11217,40.68663204116472,-73.97466254192916,Active,Unenclosed,"40.68663204116472,-73.97466254192916"
EUGENE & CO,397 TOMPKINS AVE,American,A,2018-05-22,DEED LLC,BROOKLYN,11216,40.683766598698725,-73.94391168600856,Active,Small Unenclosed,"40.683766598698725,-73.94391168600856"
CIBO E VINO,2418 BROADWAY,Italian,Z,2018-05-22,BUKEFAL LLC,NEW YORK,10024,40.78988418480058,-73.97495187738085,Active,Unenclosed,"40.78988418480058,-73.97495187738085"
SENN THAI COMFORT FOOD,452 AMSTERDAM AVE,Thai,Z,2018-05-22,PB WEALTH INC,NEW YORK,10024,40.78505117402946,-73.9771817189479,Active,Unenclosed,"40.78505117402946,-73.9771817189479"
WAHLBURGERS,1633 2ND AVE,Hamburgers,Z,2018-05-21,"EAST SIDE BURGERS 1, LLC",NEW YORK,10028,40.77721016714348,-73.95249489097745,Active,Enclosed,"40.77721016714348,-73.95249489097745"
OPS,346 HIMROD ST,Pizza/Italian,A,2018-05-19,Unclegrandpa LLC,BROOKLYN,11237,40.70269769208726,-73.91729348348734,Active,Unenclosed,"40.70269769208726,-73.91729348348734"
CLEOPATRA'S NEEDLE,2483 BROADWAY,Middle Eastern,A,2018-05-19,"HUSSIEN ENVIRONMENT, INC.",NEW YORK,10025,40.79246395656124,-73.97371578707522,Active,Enclosed,"40.79246395656124,-73.97371578707522"
CRAVE FISH BAR,428 AMSTERDAM AVE,American,A,2018-05-19,UPPER WEST HOSPITALITY LLC,NEW YORK,10024,40.78430745863899,-73.97773084865445,Active,Unenclosed,"40.78430745863899,-73.97773084865445"
WIN SON,159 GRAHAM AVE,Asian,A,2018-05-18,"WINSOME FOODS, LLC",BROOKLYN,11206,40.70744544640888,-73.94336155473742,Active,Unenclosed,"40.70744544640888,-73.94336155473742"
MOKBAR,75 9TH AVE,Korean,A,2018-05-18,RANA USA LLC,NEW YORK,10011,40.74255097569739,-74.00538426294456,Active,Unenclosed,"40.74255097569739,-74.00538426294456"
EARTH CAFE,2580 BROADWAY,American,A,2018-05-18,2580 BROADWAY INC,NEW YORK,10025,40.79549626929056,-73.97115033566193,Active,Unenclosed,"40.79549626929056,-73.97115033566193"
YUKKA LATIN BISTRO,5684 RIVERDALE AVE,Spanish,A,2018-05-17,"K CAFE, CORP",BRONX,10471,40.906444826483074,-73.90404530758305,Active,Unenclosed,"40.906444826483074,-73.90404530758305"
SOLE BISTRO ITALIANO,2014 BROADWAY,Italian,Z,2018-05-17,68TH ST CAFE INC.,NEW YORK,10023,40.77589832723629,-73.98195079792174,Active,Unenclosed,"40.77589832723629,-73.98195079792174"
THE WREN,344 BOWERY,American,Z,2018-05-16,THE WREN NEW YORK LLC,NEW YORK,10012,40.726216785002215,-73.99186785922069,Active,Unenclosed,"40.726216785002215,-73.99186785922069"
SUPREMA,305 BLEECKER ST,American,A,2018-05-16,305 BLEECKER FOOD MARKET LLC,NEW YORK,10014,40.73268640171939,-74.00369842661199,Active,Enclosed,"40.73268640171939,-74.00369842661199"
DENINO'S PIZZERIA & TAVERN,93 MACDOUGAL ST,Pizza/Italian,A,2018-05-16,NJJMJ INC,NEW YORK,10012,40.729406473104724,-74.00115457391584,Active,Unenclosed,"40.729406473104724,-74.00115457391584"
ATLA,372 LAFAYETTE ST,Mexican,A,2018-05-15,HONEYBRAINS LAFAYETTE LLC,NEW YORK,10012,40.72716933975251,-73.99387374782113,Active,Unenclosed,"40.72716933975251,-73.99387374782113"
DIANNE & ELISABETH,644 10TH AVE,American,A,2018-05-15,"WMW REST II, LLC",NEW YORK,10036,40.76176415764439,-73.99371173481734,Active,Regular Unenclosed/Small Unenclosed,"40.76176415764439,-73.99371173481734"
9TEN RESTAURANT,910 7TH AVE,American,A,2018-05-15,910 SEVENTH  AVE REST LLC,NEW YORK,10019,40.766137693475116,-73.97989211400755,Active,Small Unenclosed,"40.766137693475116,-73.97989211400755"
DAR 525,168 DRIGGS AVE,Mediterranean,A,2018-05-15,DAR 168 INC.,BROOKLYN,11222,40.72318482150391,-73.94524944025302,Active,Unenclosed,"40.72318482150391,-73.94524944025302"
BEER SHOP,422 AMSTERDAM AVE,American,A,2018-05-14,BEER SHOP LLC,NEW YORK,10024,40.784107113966094,-73.9778392458939,Active,Unenclosed,"40.784107113966094,-73.9778392458939"
SERAFINA LUDLOW,98 RIVINGTON ST,Other,A,2018-05-14,SERAFINA LUDLOW CORP,NEW YORK,10002,40.72025762216451,-73.98843780798279,Active,Unenclosed,"40.72025762216451,-73.98843780798279"
SHERRY B DESSERT STUDIO,643 HUDSON ST,Bakery,A,2018-05-11,OIDIA LLC,NEW YORK,10014,40.739095324245184,-74.00558606350873,Active,Unenclosed,"40.739095324245184,-74.00558606350873"
THE RED DOORS BAR AND GRILL,1205 SURF AVE,American,A,2018-05-10,1205 ON SURF CORP,BROOKLYN,11224,40.57580401926384,-73.97991701658,Active,Unenclosed,"40.57580401926384,-73.97991701658"
SERAFINA,2178 BROADWAY,American,A,2018-05-10,NY BROADWAY HOTEL OWNER LLC,NEW YORK,10024,40.78207376953536,-73.98063475727058,Active,Small Unenclosed,"40.78207376953536,-73.98063475727058"
SOCIALE,72 HENRY ST,Italian,A,2018-05-10,"SOCIALE, LLC",BROOKLYN,11201,40.69871157182451,-73.99253839498313,Active,Unenclosed,"40.69871157182451,-73.99253839498313"
RAMONA,113 FRANKLIN ST,French,A,2018-05-10,CLOUET LLC,BROOKLYN,11222,40.72998331414495,-73.95762316076534,Active,Unenclosed,"40.72998331414495,-73.95762316076534"
DOYLE'S CORNER,4202 BROADWAY,American,A,2018-05-10,42-02 TAVERN INC.,ASTORIA,11103,40.75796066628561,-73.91736202998023,Active,Unenclosed,"40.75796066628561,-73.91736202998023"
STARBUCKS,25 UNION SQ W,Cafe/Coffee/Tea,A,2018-05-10,STARBUCKS CORPORATION,NEW YORK,10003,40.73628996597361,-73.99093565842742,Active,Small Unenclosed,"40.73628996597361,-73.99093565842742"
BOULUD SUD,1900 BROADWAY,Mediterranean,A,2018-05-09,"64 WEST RESTAURANT, LLC",NEW YORK,10023,40.77151495329522,-73.98177869033906,Active,Unenclosed,"40.77151495329522,-73.98177869033906"
CAPTAIN DAN'S GOOD TIME TAVERN,497 GREENE AVE,American,A,2018-05-09,REGULARS LLC,BROOKLYN,11216,40.68861439721879,-73.9510940410471,Active,Unenclosed,"40.68861439721879,-73.9510940410471"
PRET A MANGER,655 AVENUE OF THE AMERICAS,Sandwiches/Salads/Mixed Buffet,A,2018-05-09,PRET A MANGER (USA) LIMITED,NEW YORK,10010,40.74133777695524,-73.99422609661923,Active,Unenclosed,"40.74133777695524,-73.99422609661923"
JUICE GENERATION,28 E 18TH ST,"Juice, Smoothies, Fruit Salads",A,2018-05-09,JUICE GENERATION 13 INC,NEW YORK,10003,40.737590894495824,-73.98992149668605,Active,Unenclosed,"40.737590894495824,-73.98992149668605"
ADORO LEI,287 HUDSON ST,Pizza,A,2018-05-09,"ADORO LEI, LLC",NEW YORK,10013,40.725610217909335,-74.0077821064784,Active,Unenclosed,"40.725610217909335,-74.0077821064784"
TOMINO - TABERNA GALLEGA,192 GRAND ST,Spanish,A,2018-05-08,"Tomino, LLC",NEW YORK,10013,40.719442969566586,-73.99697691155936,Active,Unenclosed,"40.719442969566586,-73.99697691155936"
THE NEW PIZZA PROFESSOR,1824 AVENUE M,Jewish/Kosher,A,2018-05-08,NEW PIZZA PROFESSOR OF BROOKLYN INC,BROOKLYN,11230,40.61823487536493,-73.95651984228681,Active,Enclosed,"40.61823487536493,-73.95651984228681"
PHD TERRACE,210 W 55TH ST,American,A,2018-05-08,"SERAFINA BROADWAY, LTD",NEW YORK,10019,40.76442529338741,-73.9818095094694,Active,Small Unenclosed,"40.76442529338741,-73.9818095094694"
HOME MADE BAKLAWA,2439 STEINWAY ST,Bakery,A,2018-05-07,LITTLE MOROCCO RESTAURANT CORP.,ASTORIA,11103,40.76796348815649,-73.91129181327271,Active,Unenclosed,"40.76796348815649,-73.91129181327271"
INSOMNIA COOKIES,1030 AMSTERDAM AVE,Bakery,A,2018-05-07,CROISSANT CONSORTIUM LIMITED,NEW YORK,10025,40.80358836211814,-73.96369152679853,Active,Unenclosed,"40.80358836211814,-73.96369152679853"
SAUVAGE,905 LORIMER ST,French,A,2018-05-07,LAFITTE LLC,BROOKLYN,11222,40.72351165757299,-73.9518621316149,Active,Unenclosed,"40.72351165757299,-73.9518621316149"
MIGHTY QUINN'S BBQ,75 GREENWICH AVE,American,A,2018-05-07,GREENWICH BBQ LLC,NEW YORK,10014,40.736707517407545,-74.00133512236987,Active,Unenclosed,"40.736707517407545,-74.00133512236987"
ZAGARA WINE BAR,216 7TH AVE,Italian,A,2018-05-07,"ZAGARA RESTAURANTS, LLC",NEW YORK,10011,40.7438136200314,-73.99608081744378,Active,Unenclosed,"40.7438136200314,-73.99608081744378"
MOONSTRUCK EATERY,250 E 58TH ST,American,A,2018-05-04,250 EAST 58TH STREET FOOD CORP,NEW YORK,10022,40.7599915460012,-73.96549126475794,Active,Enclosed,"40.7599915460012,-73.96549126475794"
RIDER,80 N 6TH ST,American,A,2018-05-03,"THE MIDDLE, LLC",BROOKLYN,11249,40.71889030595489,-73.96132426794236,Active,Unenclosed,"40.71889030595489,-73.96132426794236"
SWEET CHICK,636 CARLTON AVE,American,A,2018-05-03,SWEET CHICK FLATBUSH LLC,BROOKLYN,11238,40.677647878684375,-73.97239465190354,Active,Unenclosed,"40.677647878684375,-73.97239465190354"
NYLO NYC,2178 BROADWAY,American,A,2018-05-03,NY BROADWAY HOTEL OWNER LLC,NEW YORK,10024,40.78207376953536,-73.98063475727058,Active,Small Unenclosed,"40.78207376953536,-73.98063475727058"
NANOOSH,2012 BROADWAY,Mediterranean,A,2018-05-03,"NANOOSH BROADWAY, LLC",NEW YORK,10023,40.77589832723629,-73.98195079792174,Active,Unenclosed,"40.77589832723629,-73.98195079792174"
CAFE FREDERICK HARLEM PARLOR,2104 FREDERICK DOUGLASS BLVD,American,A,2018-05-03,"RSO CAFE, LLC",NEW YORK,10026,40.80273218937953,-73.95630541618723,Active,Unenclosed,"40.80273218937953,-73.95630541618723"
BLACKSTONE  BAR AND GRILL,3713 RIVERDALE AVE,American,A,2018-05-03,3713 RIVERDALE REST CORP.,BRONX,10463,40.88716609681182,-73.90730638167541,Active,Unenclosed,"40.88716609681182,-73.90730638167541"
MILL KOREAN RESTAURANT,2895 BROADWAY,Korean,A,2018-05-03,MILL KOREAN RESTAURANT INC.,NEW YORK,10025,40.80605646093442,-73.96561909457624,Active,Unenclosed,"40.80605646093442,-73.96561909457624"
ALIADA,2919 BROADWAY,Greek,A,2018-05-03,NKLG CAFE CORP.,ASTORIA,11106,40.76259447299688,-73.92646030411349,Active,Unenclosed,"40.76259447299688,-73.92646030411349"
OTTO'S TACOS,131 7TH AVE S,Mexican,A,2018-05-03,"002 MERCURY TACOS, LLC",NEW YORK,10014,40.73449523339292,-74.00217942469634,Active,Unenclosed,"40.73449523339292,-74.00217942469634"
FIRENZE RISTORANTE,1555 2ND AVE,Italian,A,2018-05-02,EMDC 2ND AVE CORP,NEW YORK,10028,40.77457872468089,-73.95437783422585,Active,Unenclosed,"40.77457872468089,-73.95437783422585"
OLMA LOUNGE & BAR,420 AMSTERDAM AVE,Tapas,B,2018-05-02,Olma Lounge LLC,NEW YORK,10024,40.78403850394818,-73.97788260077772,Active,Small Unenclosed,"40.78403850394818,-73.97788260077772"
SHOKUDO,658 9TH AVE,Thai,B,2018-05-02,658 THAI CORP.,NEW YORK,10036,40.76078408241509,-73.99072295996667,Active,Unenclosed,"40.76078408241509,-73.99072295996667"
NUSBAUM & WU,2897 BROADWAY,Delicatessen,Z,2018-05-01,2898 BAGEL & BAKERY CORP.,NEW YORK,10025,40.80605645662443,-73.9656046457837,Active,Unenclosed,"40.80605645662443,-73.9656046457837"
SPICE,975 AMSTERDAM AVE,Thai,Z,2018-05-01,"975 AMSTERDAM, INC",NEW YORK,10025,40.80152190448065,-73.96472567242037,Active,Unenclosed,"40.80152190448065,-73.96472567242037"
THE COPPER STILL,151 2ND AVE,Irish,A,2018-05-01,MSB RESTAURANTS LLC,NEW YORK,10003,40.72963358483043,-73.98722387442473,Active,Unenclosed,"40.72963358483043,-73.98722387442473"
CAFE 52 RESTAURANT,5129 43RD AVE,American,A,2018-05-01,CAFE 52  RESTAURANT CORP,WOODSIDE,11377,40.74430253560308,-73.91327209785146,Active,Small Unenclosed,"40.74430253560308,-73.91327209785146"
TAMASHII RAMEN,2905 BROADWAY,Japanese,A,2018-05-01,"ACUMEN GMAT, LLC",NEW YORK,10025,40.80652297746619,-73.96532987568109,Active,Unenclosed,"40.80652297746619,-73.96532987568109"
SEAMORE'S,161 8TH AVE,American,A,2018-04-30,"161 8TH AVE RESTAURANT, LLC",NEW YORK,10011,40.74246875639842,-74.00077949018772,Active,Unenclosed,"40.74246875639842,-74.00077949018772"
THE MOONLIGHTMILE,200 FRANKLIN ST,American,A,2018-04-30,HTL GREENPOINT LLC,BROOKLYN,11222,40.73224781619745,-73.95783821251408,Active,Unenclosed,"40.73224781619745,-73.95783821251408"
DIG INN,1297 LEXINGTON AVE,American,A,2018-04-30,STRATOS BAKERY CORP.,NEW YORK,10128,40.78029071124279,-73.95485776798856,Active,Enclosed,"40.78029071124279,-73.95485776798856"
K RICO,772 9TH AVE,American,Z,2018-04-30,MORNINGSIDE TERRACE CORP,NEW YORK,10019,40.76432455808963,-73.98808721418683,Active,Unenclosed,"40.76432455808963,-73.98808721418683"
KOGANE,76 HENRY ST,Asian,Z,2018-04-25,76 HENRY ST INC,BROOKLYN,11201,40.69860727394863,-73.99258889592974,Active,Unenclosed,"40.69860727394863,-73.99258889592974"
YUCA BAR & RESTAURANT,111 AVENUE A,Latin,A,2018-04-25,YUCA BAR & RESTAURANT INC.,NEW YORK,10009,40.72625982220138,-73.98361304017943,Active,Unenclosed,"40.72625982220138,-73.98361304017943"
THE CLAM,420 HUDSON ST,American,A,2018-04-23,"NAUGHTY GULL, LLC",NEW YORK,10014,40.73031479822156,-74.00669661999804,Active,Unenclosed,"40.73031479822156,-74.00669661999804"
HI NOODLE THAI,333 GRAHAM AVE,Thai,A,2018-04-23,9 MONKEYS INC,BROOKLYN,11211,40.71429692901029,-73.94449922345619,Active,Unenclosed,"40.71429692901029,-73.94449922345619"
BOULTON & WATT,5 AVENUE A,American,A,2018-04-23,DOWNTOWN DINING LLC,New York,10009,40.72256298120864,-73.9862691965368,Active,Unenclosed,"40.72256298120864,-73.9862691965368"
HUDSON JANE,360 MYRTLE AVE,American,A,2018-04-23,HUDSON JANE INC,BROOKLYN,11205,40.69298558306189,-73.97206736116584,Active,Unenclosed,"40.69298558306189,-73.97206736116584"
MIMI CHENG'S DUMPLINGS,380 BROOME ST,Chinese,A,2018-04-23,JOYFUL EATS TWO LLC,NEW YORK,10013,40.72059575335807,-73.99645015455947,Active,Regular Unenclosed/Small Unenclosed,"40.72059575335807,-73.99645015455947"
SUMELA,1606 1ST AVE,Mediterranean,A,2018-04-21,BALTIMORE RESTAURANT INC,NEW YORK,10028,40.77503273500596,-73.95046372372687,Active,Unenclosed,"40.77503273500596,-73.95046372372687"
MAX BRENNER CHOCOLATE BAR,841 BROADWAY,American,Z,2018-04-20,841 BROADWAY BAKERY LLC,NEW YORK,10003,40.73443726453425,-73.9910261183554,Active,Unenclosed,"40.73443726453425,-73.9910261183554"
LENWICH,1024 2ND AVE,Sandwiches,A,2018-04-20,LENWICH 54TH LLC,NEW YORK,10022,40.75736237849685,-73.96649969355094,Active,Enclosed,"40.75736237849685,-73.96649969355094"
RED HOOK LOBSTER POUND,284 VAN BRUNT ST,Seafood,A,2018-04-19,RHLP 284 LLC,BROOKLYN,11231,40.679819105864894,-74.01023922423819,Active,Unenclosed,"40.679819105864894,-74.01023922423819"
AMPLE HILLS CREAMERY,600 11TH AVE,"Ice Cream, Gelato, Yogurt, Ices",A,2018-04-19,DAILY ROADSIDE LLC,NEW YORK,10036,40.76245871327809,-73.99712296233648,Active,Unenclosed,"40.76245871327809,-73.99712296233648"
BLACK BARN,19 E 26TH ST,American,B,2018-04-19,MADISON PARK ACQUISITIONS LLC,NEW YORK,10010,40.74334361385171,-73.98711659017769,Active,Unenclosed,"40.74334361385171,-73.98711659017769"
HOP HOUSE HARLEM,2224 FREDERICK DOUGLASS BLVD,Pizza,A,2018-04-19,RASCAL CRAFT LLC,NEW YORK,10026,40.80672738549129,-73.95343467862872,Active,Unenclosed,"40.80672738549129,-73.95343467862872"
HENRY'S,2745 BROADWAY,American,A,2018-04-18,"GRILLO, LTD.",NEW YORK,10025,40.800962997206184,-73.96822230936685,Active,Unenclosed,"40.800962997206184,-73.96822230936685"
UNCLE JACK'S MEAT HOUSE,3618 DITMARS BLVD,American,A,2018-04-18,"UNCLE JACK'S MEAT COMPANY ASTORIA, INC",ASTORIA,11105,40.77379891723714,-73.90793354180045,Active,Unenclosed,"40.77379891723714,-73.90793354180045"
THE BUTCHER'S DAUGHTER,581 HUDSON ST,Vegetarian,A,2018-04-17,MOZ RESTAURANT INC.,NEW YORK,10014,40.73636152899387,-74.00601884473187,Active,Unenclosed,"40.73636152899387,-74.00601884473187"
BRADO THIN CRUST PIZZA,155 ATLANTIC AVE,Pizza,A,2018-04-17,BROOKLYN THIN CRUST INC,BROOKLYN,11201,40.690653064040596,-73.99496249280452,Active,Unenclosed,"40.690653064040596,-73.99496249280452"
MOMOYA,427 AMSTERDAM AVE,Japanese,A,2018-04-16,TAIKAI INC,NEW YORK,10024,40.783997255320614,-73.9774817932802,Active,Unenclosed,"40.783997255320614,-73.9774817932802"
FRENCH ROAST,2340 BROADWAY,French,A,2018-04-16,"BROADWAY DESSERTS, LTD.",NEW YORK,10024,40.78732652306051,-73.97700760238223,Active,Unenclosed,"40.78732652306051,-73.97700760238223"
NATSUMI  TAPAS,323 3RD AVE,Japanese,A,2018-04-16,Masa 8 LLC,NEW YORK,10010,40.739494849891685,-73.98240812463608,Active,Unenclosed,"40.739494849891685,-73.98240812463608"
HUDSON CAFE,628 HUDSON ST,Cafe/Coffee/Tea,A,2018-04-16,HUDSON CAFE INC,NEW YORK,10014,40.7383213117539,-74.00542722346219,Active,Unenclosed,"40.7383213117539,-74.00542722346219"
MAISON KAYSER,2161 BROADWAY,Bakery,A,2018-04-13,"2161 BROADWAY BAKERY, LLC",NEW YORK,10024,40.78215072185744,-73.98123775546134,Active,Unenclosed,"40.78215072185744,-73.98123775546134"
BEARD PAPA'S CREAM PUFFS,2167 BROADWAY,Bakery,B,2018-04-13,"MUGINOHO INTERNATIONAL, INC.",NEW YORK,10024,40.782150717150685,-73.98120886824971,Active,Unenclosed,"40.782150717150685,-73.98120886824971"
MCONDO 502,502 GRAND ST,Mexican,A,2018-04-12,ONYSGRAND CORP,BROOKLYN,11211,40.71072337668638,-73.95081811342129,Active,Unenclosed,"40.71072337668638,-73.95081811342129"
TELLY'S TAVERNA,2811 23RD AVE,Greek,A,2018-04-12,GREEK TAVERNA LLC,ASTORIA,11105,40.775461554018634,-73.91417025741428,Active,Unenclosed,"40.775461554018634,-73.91417025741428"
FUKU,163 1ST AVE,American,A,2018-04-11,"MANNAGGIA, INC.",NEW YORK,10003,40.72901019569281,-73.98453601749466,Active,Unenclosed,"40.72901019569281,-73.98453601749466"
BAREBURGER,251 E 52ND ST,American,A,2018-04-11,MIDTOWN EAST NY LLC,NEW YORK,10022,40.75635555693826,-73.96826524709867,Active,Unenclosed,"40.75635555693826,-73.96826524709867"
PESCATORE,955 2ND AVE,Italian,A,2018-04-11,EVOO GROUP LLC,NEW YORK,10022,40.75537846139868,-73.9683884339168,Active,Unenclosed,"40.75537846139868,-73.9683884339168"
MEL'S BURGER BAR,2850 BROADWAY,Hamburgers,A,2018-04-10,2850 BROADWAY REST ASSOCIATES LLC,NEW YORK,10025,40.80441803664761,-73.96621593897221,Active,Unenclosed,"40.80441803664761,-73.96621593897221"
DROP OFF SERVICE,211 AVENUE A,American,A,2018-04-10,TAVERN 211 CORP,NEW YORK,10009,40.729830314339154,-73.98079426221011,Active,Unenclosed,"40.729830314339154,-73.98079426221011"
DZIUPLA,194 BEDFORD AVE,Polish,A,2018-04-10,194 BEDFORD AVE REST CORP.,BROOKLYN,11249,40.71750036711542,-73.9582046740674,Active,Unenclosed,"40.71750036711542,-73.9582046740674"
CHEN'S KITCHEN,200 DYCKMAN ST,Chinese,B,2018-04-09,FRANCISCO & FRANCISCO INC,NEW YORK,10040,40.864778069908105,-73.92702699962078,Active,Unenclosed,"40.864778069908105,-73.92702699962078"
TACO MAHAL,73 7TH AVE S,Tex-Mex,A,2018-04-09,"JOSAN & JOSAN, INC.",NEW YORK,10014,40.732318613533366,-74.00340975010505,Active,Unenclosed,"40.732318613533366,-74.00340975010505"
LE PAIN QUOTIDIEN,2463 BROADWAY,Sandwiches,A,2018-04-06,"PQ UPPER WEST, INC.",NEW YORK,10025,40.791797094842075,-73.97419275844271,Active,Unenclosed,"40.791797094842075,-73.97419275844271"
BLACK FOREST BROOKLYN,733 FULTON ST,German,A,2018-04-06,BLACK FOREST HOSPITALITY GROUP LLC,BROOKLYN,11217,40.68678310659468,-73.97513483611647,Active,Unenclosed,"40.68678310659468,-73.97513483611647"
MOM'S MIDTOWN,701 9TH AVE,American,Z,2018-04-06,701 RESTAURANT LLC,NEW YORK,10019,40.7624638003517,-73.9899502214767,Active,Unenclosed,"40.7624638003517,-73.9899502214767"
BY CHLOE,185 BLEECKER ST,Vegetarian,A,2018-04-05,E2 185 BLEECKER LLC,NEW YORK,10012,40.72924453428038,-74.00096334526998,Active,Unenclosed,"40.72924453428038,-74.00096334526998"
WHILE WE WERE YOUNG,183 W 10TH ST,American,A,2018-04-05,WHILE WE WERE YOUNG LLC,NEW YORK,10014,40.73437719712624,-74.00273510098266,Active,Unenclosed,"40.73437719712624,-74.00273510098266"
JIVAMUKTEA CAFE,841 BROADWAY,Vegetarian,A,2018-04-05,841 BROADWAY BAKERY LLC,NEW YORK,10003,40.73443726453425,-73.9910261183554,Active,Unenclosed,"40.73443726453425,-73.9910261183554"
COOGAN'S,4015 BROADWAY,American,A,2018-04-04,600 WEST 169TH REST. INC.,NEW YORK,10032,40.84168872728264,-73.93973071005414,Active,Unenclosed,"40.84168872728264,-73.93973071005414"
SABROSURA,1200 CASTLE HILL AVE,Spanish,A,2018-04-04,GRAND SABROSURA INC,BRONX,10462,40.8320866906681,-73.85089869913803,Active,Enclosed,"40.8320866906681,-73.85089869913803"
MAYAHUEL,304 E 6TH ST,Mexican,A,2018-04-04,Bytelogics Inc,NEW YORK,10003,40.72712497701988,-73.98815159080841,Active,Enclosed,"40.72712497701988,-73.98815159080841"
WESTSIDE RESTAURANT,2020 BROADWAY,American,A,2018-04-03,FIRST 69TH ST. REALTY CORP.,NEW YORK,10023,40.77637316278326,-73.98192539510062,Active,Enclosed,"40.77637316278326,-73.98192539510062"
JOE,187 COLUMBUS AVE,Cafe/Coffee/Tea,A,2018-04-02,JAGR 187 COLUMBUS LLC,NEW YORK,10023,40.77495388395135,-73.98039853401188,Active,Unenclosed,"40.77495388395135,-73.98039853401188"
FLATTOPPS,3306 DITMARS BLVD,American,A,2018-03-30,FLATTOPPS LLC,ASTORIA,11105,40.775032596221344,-73.9095637901027,Active,Unenclosed,"40.775032596221344,-73.9095637901027"
MAMAN,80 KENT ST,French,A,2018-03-29,"MAMAN GREENPOINT, LLC",BROOKLYN,11222,40.7300411532146,-73.95816794380211,Active,Unenclosed,"40.7300411532146,-73.95816794380211"
JG MELON,480 AMSTERDAM AVE,American,A,2018-03-29,TWO MELONS LLC,NEW YORK,10024,40.7859595501475,-73.97653140815254,Active,Unenclosed,"40.7859595501475,-73.97653140815254"
JG Mellon,89 MACDOUGAL ST,American,A,2018-03-29,ONE MELON LLC,NEW YORK,10012,40.72904965218873,-74.00139630535283,Active,Unenclosed,"40.72904965218873,-74.00139630535283"
TWO HANDS TRIBECA,251 CHURCH ST,Australian,A,2018-03-28,TWO HANDS TRIBECA LLC,NEW YORK,10013,40.71772740459071,-74.00546883545552,Active,Unenclosed,"40.71772740459071,-74.00546883545552"
BOBBY VAN'S STEAKHOUSE C.P.S,40 CENTRAL PARK S,Italian,A,2018-03-28,"SBCPS, LLC",NEW YORK,10019,40.764994988914154,-73.9753041851741,Active,Unenclosed,"40.764994988914154,-73.9753041851741"
LA PECORA BIANCA,950 2ND AVE,Italian,A,2018-03-28,LPB2 LLC,NEW YORK,10022,40.75494748968351,-73.96821899536319,Active,Unenclosed,"40.75494748968351,-73.96821899536319"
SAPORI,105 MULBERRY ST,Italian,A,2018-03-28,SAPORI D'ITALIA OF NYC INC,NEW YORK,10013,40.71737345075207,-73.99850653967451,Active,Unenclosed,"40.71737345075207,-73.99850653967451"
SECRET PROJECT ROBOT,1186 BROADWAY,American,A,2018-03-27,"FRIEDFIELD BRESLIN, LLC",NEW YORK,10001,40.74566307014796,-73.98846227026434,Active,Unenclosed,"40.74566307014796,-73.98846227026434"
VIA CAROTA,51 GROVE ST,Italian,A,2018-03-27,FIFTYONE MERCHANTS LLC.,NEW YORK,10014,40.73315026297095,-74.00376700903577,Active,Unenclosed,"40.73315026297095,-74.00376700903577"
TAKUMI TACO,75 9TH AVE,Japanese,A,2018-03-23,RANA USA LLC,NEW YORK,10011,40.74255097569739,-74.00538426294456,Active,Unenclosed,"40.74255097569739,-74.00538426294456"
MOTEL MORRIS,132 7TH AVE,American,A,2018-03-23,132 7TH AVE REST LLC,NEW YORK,10011,40.741019515095246,-73.99811266434912,Active,Unenclosed,"40.741019515095246,-73.99811266434912"
L'EXPRESS,249 PARK AVE S,French,A,2018-03-23,PARK AVE CAKE LLC,NEW YORK,10003,40.737996897233735,-73.98765529181225,Active,Unenclosed,"40.737996897233735,-73.98765529181225"
WAHI DINER,3915 BROADWAY,American,A,2018-03-23,"WA-HI DINER, LLC",NEW YORK,10032,40.838412731060316,-73.94204660973378,Active,Enclosed,"40.838412731060316,-73.94204660973378"
YUAN,157 2ND AVE,Chinese,A,2018-03-22,WEN ZI INC.,NEW YORK,10003,40.729743362988884,-73.98711561152452,Active,Unenclosed,"40.729743362988884,-73.98711561152452"
FREEKS MILL,285 NEVINS ST,American,A,2018-03-22,FREEKS MILL INC,BROOKLYN,11217,40.67956355405715,-73.98691980167689,Active,Unenclosed,"40.67956355405715,-73.98691980167689"
UPPER EAST CAFE,1048 3RD AVE,Seafood,A,2018-03-22,"ARTIO RESTAURANT, LLC",NEW YORK,10065,40.76325231237483,-73.96552928394314,Active,Small Unenclosed,"40.76325231237483,-73.96552928394314"
THE MILTON,1754 2ND AVE,American,A,2018-03-22,1754 REST INC.,NEW YORK,10128,40.781229745684975,-73.94907615709063,Active,Unenclosed,"40.781229745684975,-73.94907615709063"
JUNZI KITCHEN,2896 BROADWAY,Chinese,A,2018-03-21,JUNZI COLUMBIA LLC,NEW YORK,10025,40.80570775524187,-73.96520026184005,Active,Unenclosed,"40.80570775524187,-73.96520026184005"
BUTCHER BAR,3710 30TH AVE,Barbecue,A,2018-03-21,"BUTCHER KING,INC",ASTORIA,11103,40.76430308273992,-73.91640835746645,Active,Unenclosed,"40.76430308273992,-73.91640835746645"
BAGEL EXPRESS11,1228 2ND AVE,Bagels/Pretzels,A,2018-03-21,SL & H EXPRESS CORP.,NEW YORK,10065,40.763940020961385,-73.96166270953017,Active,Unenclosed,"40.763940020961385,-73.96166270953017"
WESTVILLE,333 HUDSON ST,American,A,2018-03-21,LAYLA TOV INC,NEW YORK,10013,40.72713357445722,-74.00753333786201,Active,Unenclosed,"40.72713357445722,-74.00753333786201"
MARTINA,198 E 11TH ST,Italian,A,2018-03-20,MARTINA EAST VILLAGE LLC,NEW YORK,10003,40.731275085587185,-73.98852609993658,Active,Unenclosed,"40.731275085587185,-73.98852609993658"
TEDDY'S BAR & GRILL,96 BERRY ST,American,A,2018-03-19,DAVIS AND DEVORE GROUP LLC,BROOKLYN,11249,40.71939433206718,-73.95842715147104,Active,Unenclosed,"40.71939433206718,-73.95842715147104"
FRIEDMAN'S,1187 AMSTERDAM AVE,American,A,2018-03-19,MAYFAIR WEST AT CHELSEA MARKET LLC,NEW YORK,10027,40.808151548621105,-73.95980218931389,Active,Unenclosed,"40.808151548621105,-73.95980218931389"
LEXINGTON PIZZA PARLOR,1590 LEXINGTON AVE,Pizza,A,2018-03-15,SPAHA PIZZA LLC,NEW YORK,10029,40.78928263160358,-73.94870886870956,Active,Unenclosed,"40.78928263160358,-73.94870886870956"
SHAKE SHACK,170 FLATBUSH AVE,Hamburgers,A,2018-03-15,SHAKE SHACK FLATBUSH BROOKLYN LLC,BROOKLYN,11217,40.68274861780101,-73.97669031923225,Active,Unenclosed,"40.68274861780101,-73.97669031923225"
HUMMUS KITCHEN,444 3RD AVE,Jewish/Kosher,A,2018-03-14,E & R U.S. VENTURES LLC,NEW YORK,10016,40.74362799316358,-73.97966433484049,Active,Unenclosed,"40.74362799316358,-73.97966433484049"
LA ESQUINA,1402 2ND AVE,Mexican,A,2018-03-14,ESQUINA NYC 1402SECOND LLC,NEW YORK,10021,40.76904391245928,-73.95786185024289,Active,Unenclosed,"40.76904391245928,-73.95786185024289"
EVELINAS,211 DEKALB AVE,Italian,A,2018-03-14,"AURORA FG, INC",BROOKLYN,11205,40.68971903370072,-73.97096171947007,Active,Unenclosed,"40.68971903370072,-73.97096171947007"
RUBY'S CAFE,442 3RD AVE,Australian,A,2018-03-14,"RUBY'S MIDTOWN, LLC",NEW YORK,10016,40.74370487977836,-73.9798555787221,Active,Unenclosed,"40.74370487977836,-73.9798555787221"
BISTRO CASSIS,225 COLUMBUS AVE,French,A,2018-03-14,FM70 INC.,NEW YORK,10023,40.776194337172925,-73.97943414437712,Active,Unenclosed,"40.776194337172925,-73.97943414437712"
SLAINTE,304 BOWERY,Irish,A,2018-03-13,PGT REST. CORP,NEW YORK,10012,40.72480053812824,-73.99257515969012,Active,Unenclosed,"40.72480053812824,-73.99257515969012"
BEYOND SUSHI,75 9TH AVE,Vegetarian,A,2018-03-12,RANA USA LLC,NEW YORK,10011,40.74255097569739,-74.00538426294456,Active,Unenclosed,"40.74255097569739,-74.00538426294456"
BELLE REVE,305 CHURCH ST,American,A,2018-03-09,"MEXMA, LLC",NEW YORK,10013,40.71950331712114,-74.00420635359684,Active,Unenclosed,"40.71950331712114,-74.00420635359684"
WILD,148 5TH AVE,Italian,A,2018-03-09,"WILD LIVING, LLC",BROOKLYN,11217,40.67830808342683,-73.97935256725982,Active,Unenclosed,"40.67830808342683,-73.97935256725982"
BREAD BROTHERS BAGEL CAFE,220 BUSHWICK AVE,Bagels/Pretzels,Z,2018-03-09,SJD 220 CORP,BROOKLYN,11206,40.70825623257349,-73.94007498039801,Active,Unenclosed,"40.70825623257349,-73.94007498039801"
TOMPKINS SQUARE BAR,110 AVENUE A,American,A,2018-03-08,TOZZER LTD,NEW YORK,10009,40.72583162364779,-73.98349769427189,Active,Unenclosed,"40.72583162364779,-73.98349769427189"
RITCHIE'S BURGER JOINT,2665 BROADWAY,Hamburgers,Z,2018-03-08,"R. HARRIS ENTERPRISES, INC",NEW YORK,10025,40.798084068370656,-73.96929276642135,Active,Unenclosed,"40.798084068370656,-73.96929276642135"
Jaques Brasserie,204 E 85TH ST,French,A,2018-03-07,BEAR NOAH CORP,NEW YORK,10028,40.77792448420427,-73.95418778695756,Active,Unenclosed,"40.77792448420427,-73.95418778695756"
FUEL GRILL AND JUICE BAR,683 9TH AVE,American,A,2018-03-07,CORNER 47TH RESTAURANT CORP.,NEW YORK,10036,40.76184627079399,-73.9903907103489,Active,Unenclosed,"40.76184627079399,-73.9903907103489"
ROCCO'S TACOS & TEQUILA BAR,339 ADAMS ST,Mexican,A,2018-03-07,"BROOKLYN TACOS, LTD",BROOKLYN,11201,40.6932107410383,-73.98866607551193,Active,Unenclosed,"40.6932107410383,-73.98866607551193"
GARDENIA TERRACE,826 10TH AVE,Mediterranean,A,2018-03-07,CATERED BY PERGOLA LLC,NEW YORK,10019,40.767568975950994,-73.98945847602126,Active,Regular Unenclosed/Small Unenclosed,"40.767568975950994,-73.98945847602126"
MAISON PICKLE,2309 BROADWAY,American,A,2018-03-06,THE PICKLE PEOPLE LLC,NEW YORK,10024,40.78703577320109,-73.97798994010219,Active,Unenclosed,"40.78703577320109,-73.97798994010219"
MEXICAN FESTIVAL,2672 BROADWAY,Mexican,A,2018-03-05,MEXICAN FESTIVAL NYC LLC,NEW YORK,10025,40.798149846023954,-73.96893517088786,Active,Enclosed,"40.798149846023954,-73.96893517088786"
BONO TRATTORIA,3658 BROADWAY,Italian,A,2018-03-05,3660 BROADWAY RESTAURANT LLC,NEW YORK,10031,40.83021406999456,-73.94734031687217,Active,Unenclosed,"40.83021406999456,-73.94734031687217"
ADIRONDACK,1241 PROSPECT AVE,American,A,2018-03-02,CEDAR DRIVE LLC,BROOKLYN,11218,40.65257786929572,-73.97593323230538,Active,Unenclosed,"40.65257786929572,-73.97593323230538"
KING,18 KING ST,French,A,2018-03-02,BOX HILL LLC,NEW YORK,10014,40.727507053252936,-74.00354299771719,Active,Unenclosed,"40.727507053252936,-74.00354299771719"
LUPE'S EAST L.A. KITCHEN,110 AVENUE OF THE AMERICAS,Mexican,A,2018-03-02,"LUPE'S EAST L.A. KITCHEN, INC.",NEW YORK,10013,40.723678081524376,-74.00455656723103,Active,Small Unenclosed,"40.723678081524376,-74.00455656723103"
EL COYOTE,7009 AUSTIN ST,Mexican,A,2018-03-01,"PLOUTARXOS, INC.",FOREST HILLS,11375,40.72108919703668,-73.84657619736745,Active,Unenclosed,"40.72108919703668,-73.84657619736745"
HIGH STREET ON HUDSON,637 HUDSON ST,American,A,2018-03-01,HSNYC LLC,NEW YORK,10014,40.73887574250839,-74.00561852210568,Active,Unenclosed,"40.73887574250839,-74.00561852210568"
ANGEL OF HARLEM,2272 FREDERICK DOUGLASS BLVD,Caribbean,B,2018-03-01,ANGEL OF HARLEM LLC,NEW YORK,10027,40.80797585291011,-73.95249821868056,Active,Unenclosed,"40.80797585291011,-73.95249821868056"
LE BILBOQUET,20 E 60TH ST,French,A,2018-03-01,"LE BILBOQUET NY, LLC",NEW YORK,10022,40.76380542339715,-73.97064784606954,Active,Small Unenclosed,"40.76380542339715,-73.97064784606954"
LITTLE CEASARS,5725 ROOSEVELT AVE,Pizza,A,2018-03-01,IRR OPERATING LLC,WOODSIDE,11377,40.74557675849,-73.90707753042956,Active,Enclosed,"40.74557675849,-73.90707753042956"
ONE BEDFORD BAR & BISTRO,627 MANHATTAN AVE,American,A,2018-03-01,NIGHTS & WEEKENDS BK CORP,BROOKLYN,11222,40.723821431459285,-73.9509527569587,Active,Unenclosed,"40.723821431459285,-73.9509527569587"
GRAMERCY KITCHEN,184 3RD AVE,American,A,2018-02-28,BLASK GROUP LLC,NEW YORK,10003,40.735219016145365,-73.9859851365819,Active,Enclosed,"40.735219016145365,-73.9859851365819"
PERFECTO PIZZERIA,2479 BROADWAY,Pizza/Italian,A,2018-02-28,KATOUNA INC.,NEW YORK,10025,40.79246396396885,-73.97374829022199,Active,Unenclosed,"40.79246396396885,-73.97374829022199"
MAMAK,174 2ND AVE,Asian,C,2018-02-28,LOVE MAMAK CORP,NEW YORK,10003,40.730349841228225,-73.98614491681163,Active,Unenclosed,"40.730349841228225,-73.98614491681163"
EDGAR'S CAFE,650 AMSTERDAM AVE,Cafe/Coffee/Tea,A,2018-02-28,AVA OLIVIA CORP,NEW YORK,10025,40.79140422046825,-73.97255694490805,Active,Unenclosed,"40.79140422046825,-73.97255694490805"
RIKO PERUVIAN CUISINE,4523 GREENPOINT AVE,Peruvian,C,2018-02-27,APU FOODS CORP,SUNNYSIDE,11104,40.742577759631686,-73.91935149223764,Active,Unenclosed,"40.742577759631686,-73.91935149223764"
HORUS KABAB HOUSE,93 AVENUE B,Middle Eastern,A,2018-02-27,EL SAYED 1 CORP,NEW YORK,10009,40.72448089119486,-73.9814488114707,Active,Unenclosed,"40.72448089119486,-73.9814488114707"
AGED,10702 70TH RD,Steak,A,2018-02-26,ALIAGED DINING INC,FOREST HILLS,11375,40.72065697814389,-73.8456103621504,Active,Unenclosed,"40.72065697814389,-73.8456103621504"
CARMINE'S,2450 BROADWAY,Italian,A,2018-02-26,CARMINE'S BROADWAY FEAST INC.,NEW YORK,10024,40.79107519583831,-73.97403774869086,Active,Unenclosed,"40.79107519583831,-73.97403774869086"
HALSEY'S TAVERN/MOM'S KITCHEN & BAR,3095 33RD ST,American,A,2018-02-24,"ASTORIA BRICK, LLC",ASTORIA,11102,40.76371931343995,-73.92153515356563,Active,Unenclosed,"40.76371931343995,-73.92153515356563"
LELIS BAKERY & PASTRY SHOP,3514 30TH AVE,Cafe/Coffee/Tea,A,2018-02-23,35-14 30TH AVE CORP,ASTORIA,11103,40.76495742625252,-73.91793094396894,Active,Unenclosed,"40.76495742625252,-73.91793094396894"
MEADOWSWEET,149 BROADWAY,American,A,2018-02-23,ELLA HOSPITALITY LLC,BROOKLYN,11211,40.710442548159094,-73.96320842552191,Active,Unenclosed,"40.710442548159094,-73.96320842552191"
ISTANBUL BAY,8002 5TH AVE,Mediterranean,A,2018-02-22,BUL INC,BROOKLYN,11209,40.62582986991927,-74.024338113236,Active,Unenclosed,"40.62582986991927,-74.024338113236"
SIDEWALK BAR & RESTAURANT,94 AVENUE A,American,A,2018-02-22,EAE CORP.,NEW YORK,10009,40.72548033220095,-73.9837611529228,Active,Unenclosed,"40.72548033220095,-73.9837611529228"
2ND CITY,525 HUDSON ST,Filipino,B,2018-02-21,2nd CITY WEST VILLAGE LLC,NEW YORK,10014,40.73392691006335,-74.00643718625744,Active,Unenclosed,"40.73392691006335,-74.00643718625744"
THE WRITING ROOM,1703 2ND AVE,American,A,2018-02-21,SAMSON GREY LLC,NEW YORK,10128,40.77945740442143,-73.95082150770091,Active,Unenclosed,"40.77945740442143,-73.95082150770091"
OCAFE NEW SCHOOL,79 5TH AVE,Cafe/Coffee/Tea,A,2018-02-21,SAMI AND SUSU FOOD INC,BROOKLYN,11217,40.680119334771575,-73.97774761371653,Active,Unenclosed,"40.680119334771575,-73.97774761371653"
SUSHI REN,1584 2ND AVE,Japanese,C,2018-02-21,RENZAN SUSHI CORPORATION,NEW YORK,10028,40.7752562744603,-73.95337725372592,Active,Unenclosed,"40.7752562744603,-73.95337725372592"
CORADO BREAD & PASTRY,1361 LEXINGTON AVE,Cafe/Coffee/Tea,A,2018-02-21,LE BON NY CORP.,NEW YORK,10128,40.782175808436364,-73.95350962299064,Active,Unenclosed,"40.782175808436364,-73.95350962299064"
NUMERO 28 PIZZERIA,176 2ND AVE,Pizza/Italian,A,2018-02-20,"LA MERIDIANA I, LTD",NEW YORK,10003,40.730412965380346,-73.98610160651059,Active,Unenclosed,"40.730412965380346,-73.98610160651059"
DIG INN SEASONAL MARKET,2884 BROADWAY,American,A,2018-02-20,DIG INN 2884 BROADWAY LLC,NEW YORK,10025,40.80548001701168,-73.96544600829127,Active,Unenclosed,"40.80548001701168,-73.96544600829127"
NEW YORK CITY BAGELS AND COFFEE HOUSE,4005 BROADWAY,Cafe/Coffee/Tea,A,2018-02-20,NYCBCH LLC,QUEENS,11103,40.75902382200157,-73.91868184264085,Active,Unenclosed,"40.75902382200157,-73.91868184264085"
ETHYL'S,1629 2ND AVE,American,A,2018-02-17,1629 2ND RESTAURANT LLC,NEW YORK,10028,40.777083943480356,-73.95257802545348,Active,Unenclosed,"40.777083943480356,-73.95257802545348"
BAR BOULUD,1900 BROADWAY,French,A,2018-02-15,TS3 HOSPITALITY LLC,NEW YORK,10023,40.77152043591371,-73.9817353649362,Active,Unenclosed,"40.77152043591371,-73.9817353649362"
SELENA ROSA MEXICANA,1712 2ND AVE,Tex-Mex,A,2018-02-15,SAMMY MUSOVIC LLC,NEW YORK,10128,40.779512074501255,-73.95029790726535,Active,Unenclosed,"40.779512074501255,-73.95029790726535"
SOMM TIME A WINE BAR,959 2ND AVE,American,A,2018-02-15,ELEVATED 959 LLC,NEW YORK,10022,40.755510186363566,-73.96830535387916,Active,Unenclosed,"40.755510186363566,-73.96830535387916"
BARLEY & GRAIN,421 AMSTERDAM AVE,American,B,2018-02-15,"B & G RESTAURANTS, LLC",NEW YORK,10024,40.78381063594554,-73.97759740812799,Active,Unenclosed,"40.78381063594554,-73.97759740812799"
THE SMITH,1900 BROADWAY,American,A,2018-02-15,TS3 HOSPITALITY LLC,NEW YORK,10023,40.77152043591371,-73.9817353649362,Active,Unenclosed,"40.77152043591371,-73.9817353649362"
BURGERFI,719 86TH ST,American,A,2018-02-15,BROOKLYN BURGERS LLC,BROOKLYN,11228,40.61882850128917,-74.0213494473208,Active,Unenclosed,"40.61882850128917,-74.0213494473208"
ROSIE'S,29 E 2ND ST,Mexican,A,2018-02-14,SECOND STREET RESTAURANT LLC,NEW YORK,10003,40.72495137766285,-73.99087586799993,Active,Unenclosed,"40.72495137766285,-73.99087586799993"
BIG BANG BURGER,426 AMSTERDAM AVE,Hamburgers,A,2018-02-14,LUKES LOBSTER III LLC,NEW YORK,10024,40.784230611676605,-73.97775976247217,Active,Unenclosed,"40.784230611676605,-73.97775976247217"
EL CONDE NUEVO,4139 BROADWAY,Spanish,B,2018-02-14,EL CONDE M&G INC,NEW YORK,10033,40.846082472797775,-73.93872193355432,Active,Enclosed,"40.846082472797775,-73.93872193355432"
E'S BAR,511 AMSTERDAM AVE,American,A,2018-02-14,EE BAR LLC,NEW YORK,10024,40.786656506524906,-73.97554170847044,Active,Unenclosed,"40.786656506524906,-73.97554170847044"
PIZZERIA SIRENETTA,568 AMSTERDAM AVE,Pizza,A,2018-02-14,568 AMSTERDAM LLC,NEW YORK,10024,40.788813629359694,-73.97445031458243,Active,Unenclosed,"40.788813629359694,-73.97445031458243"
THE MARSHAL,628 10TH AVE,American,A,2018-02-14,"WMW RESTAURANT GROUP, LLC",NEW YORK,10036,40.76121797438893,-73.99410164118832,Active,Unenclosed,"40.76121797438893,-73.99410164118832"
LE MONDE,2883 BROADWAY,French,A,2018-02-14,"112 FRENCH, INC.",NEW YORK,10025,40.80580126923297,-73.96584679403645,Active,Unenclosed,"40.80580126923297,-73.96584679403645"
BARNACHO,920 2ND AVE,Mexican,A,2018-02-13,920 AVENUE TAVERN CORP.,NEW YORK,10017,40.75402820162939,-73.96895935630617,Active,Unenclosed,"40.75402820162939,-73.96895935630617"
BOWERY ROAD,132 4TH AVE,American,A,2018-02-12,UNION SQ 4TH F & B MANAGEMENT LLC,NEW YORK,10003,40.73341339409471,-73.99008450026136,Active,Unenclosed,"40.73341339409471,-73.99008450026136"
BARN JOO,35 UNION SQ W,Korean,A,2018-02-12,Barn Joo Union Square Inc,NEW YORK,10003,40.73693496884351,-73.9907587565743,Active,Small Unenclosed,"40.73693496884351,-73.9907587565743"
MIZNON,75 9TH AVE,Mediterranean,A,2018-02-12,RANA USA LLC,NEW YORK,10011,40.74255097569739,-74.00538426294456,Active,Unenclosed,"40.74255097569739,-74.00538426294456"
PIZZA BEACH,167 ORCHARD ST,Pizza/Italian,A,2018-02-10,JETHOU LLC,NEW YORK,10002,40.72133908398603,-73.98870819087196,Active,Small Unenclosed,"40.72133908398603,-73.98870819087196"
BROADSTONE BAR & KITCHEN,88 BROAD ST,American,A,2018-02-09,"OBBM, LLC",NEW YORK,10004,40.7041046813414,-74.01172529744217,Active,Small Unenclosed,"40.7041046813414,-74.01172529744217"
DAVIDOVICH BAKERY,75 9TH AVE,Bakery,A,2018-02-09,RANA USA LLC,NEW YORK,10011,40.74255097569739,-74.00538426294456,Active,Unenclosed,"40.74255097569739,-74.00538426294456"
SUNDAY IN BROOKLYN,348 WYTHE AVE,American,A,2018-02-08,"SUNDAY IN BROOKLYN, LLC",BROOKLYN,11249,40.71415685712884,-73.96528774024758,Active,Unenclosed,"40.71415685712884,-73.96528774024758"
REEF,10802 72ND AVE,Mediterranean,A,2018-02-08,10802 72ND REST LLC,FOREST HILLS,11375,40.71945319479715,-73.84242050402078,Active,Unenclosed,"40.71945319479715,-73.84242050402078"
SPRING NATURAL,98 KENMARE ST,American,A,2018-02-08,SPRING SOHO INC,NEW YORK,10012,40.721098059537894,-73.9969876592654,Active,Regular Unenclosed/Small Unenclosed,"40.721098059537894,-73.9969876592654"
UNCLE BOON'S SISTER,203 MOTT ST,American,A,2018-02-07,TATANE CORP.,NEW YORK,10012,40.72147953627169,-73.99559871049969,Active,Unenclosed,"40.72147953627169,-73.99559871049969"
THE BRAZEN TAVERN,356 W 44TH ST,American,A,2018-02-07,"R & R WESTSIDE, LLC",NEW YORK,10036,40.7593238897506,-73.99086033057526,Active,Unenclosed,"40.7593238897506,-73.99086033057526"
PLAYA BETTY'S,320 AMSTERDAM AVE,American,A,2018-02-07,CACTUS PEAR LLC,NEW YORK,10023,40.780879744942546,-73.98025235626231,Active,Unenclosed,"40.780879744942546,-73.98025235626231"
FOLLIA,179 3RD AVE,Italian,A,2018-02-07,179 3RD AVENUE LLC,NEW YORK,10003,40.734974727813096,-73.98594188782276,Active,Unenclosed,"40.734974727813096,-73.98594188782276"
PASQUALE JONES,86 KENMARE ST,Italian,A,2018-02-07,Elmer Kennedy LLC,NEW YORK,10012,40.72109805437656,-73.9967964567998,Active,Unenclosed,"40.72109805437656,-73.9967964567998"
GREENWICH STREET TAVERN,399 GREENWICH ST,American,B,2018-02-07,GST399 INC,NEW YORK,10013,40.720858867497476,-74.01003628965705,Active,Unenclosed,"40.720858867497476,-74.01003628965705"
JIANBING COMPANY,600 11TH AVE,Chinese,A,2018-02-06,DAILY ROADSIDE LLC,NEW YORK,10036,40.76245871327809,-73.99712296233648,Active,Unenclosed,"40.76245871327809,-73.99712296233648"
MARTHA'S COUNTRY BAKERY,263 BEDFORD AVE,Bakery,A,2018-02-06,MARTHA'S 263 BEDFORD AVE LLC,BROOKLYN,11211,40.714852528013694,-73.96063041048292,Active,Small Unenclosed,"40.714852528013694,-73.96063041048292"
HONEYBRAINS,372 LAFAYETTE ST,American,A,2018-02-05,HONEYBRAINS LAFAYETTE LLC,NEW YORK,10012,40.72716933975251,-73.99387374782113,Active,Unenclosed,"40.72716933975251,-73.99387374782113"
BUDDHA BEER BAR,4476 BROADWAY,American,A,2018-02-03,INTERNATIONAL DRINK GROUP INC.,NEW YORK,10040,40.857326579408685,-73.93212868800003,Active,Unenclosed,"40.857326579408685,-73.93212868800003"
BODEGA 88,573 COLUMBUS AVE,Latin,A,2018-02-02,BODEGA 88 LLC,NEW YORK,10024,40.78750913070035,-73.97126213235971,Active,Unenclosed,"40.78750913070035,-73.97126213235971"
STROKOS GOURMET DELI,1090 AMSTERDAM AVE,Delicatessen,A,2018-02-02,STROKOS GOURMET DELI INC,NEW YORK,10025,40.805388477572656,-73.96236849338429,Active,Enclosed,"40.805388477572656,-73.96236849338429"
BLACK FLAMINGO,168 BORINQUEN PL,Vegetarian,A,2018-02-02,DOUBLE DEEP LLC,BROOKLYN,11211,40.710485875998,-73.95394557489101,Active,Unenclosed,"40.710485875998,-73.95394557489101"
SUPREME COURT AT SCHELTZER HALL FORDHAM UNIV,150 W 62ND ST,American,A,2018-02-01,BAHN MI LLC,NEW YORK,10023,40.77099393072683,-73.98510391612987,Active,Unenclosed,"40.77099393072683,-73.98510391612987"
COMMUNITY DINING HALL AT MCKEON HALL FORDAM UNIV,150 W 62ND ST,American,A,2018-02-01,BAHN MI LLC,NEW YORK,10023,40.77099393072683,-73.98510391612987,Active,Unenclosed,"40.77099393072683,-73.98510391612987"
THE MEATBALL SHOP,1462 2ND AVENUE,American,A,2018-02-01,1462 SECOND RESTAURANT LLC,NEW YORK,10075,40.771549154689716,-73.95597567428821,Active,Unenclosed,"40.771549154689716,-73.95597567428821"
EMMONS PALACE,2267 EMMONS AVE,American,A,2018-02-01,DESSERT PALACE BOSE INC,BROOKLYN,11235,40.58400481233622,-73.94448509600937,Active,Unenclosed,"40.58400481233622,-73.94448509600937"
ROW HOUSE,2128 FREDERICK DOUGLASS BLVD,American,A,2018-02-01,115 RESTAURANT CORP,NEW YORK,10026,40.803527961371614,-73.95578475693384,Active,Unenclosed,"40.803527961371614,-73.95578475693384"
CHUCK AND BLADE - BUNS BAR,184 8TH AVE,American,A,2018-02-01,TAVERN ON 8TH AVENUE CORP,NEW YORK,10011,40.742940856120704,-73.99996030345916,Active,Unenclosed,"40.742940856120704,-73.99996030345916"
COCOA,15 E 18TH ST,Cafe/Coffee/Tea,A,2018-01-31,ABRUZZO DOCG INC.,NEW YORK,10003,40.738153629338434,-73.99063950648355,Active,Unenclosed,"40.738153629338434,-73.99063950648355"
GUACAMOLE TAQUIERA,5025 BROADWAY,Mexican,A,2018-01-31,GUACAMOLE CORP.,NEW YORK,10034,40.86965388149949,-73.91668449251118,Active,Unenclosed,"40.86965388149949,-73.91668449251118"
MOKJA,3519 BROADWAY,Korean,A,2018-01-31,KOREAN EXPRESS NYC INC,ASTORIA,11106,40.76035159880072,-73.92166185135856,Active,Unenclosed,"40.76035159880072,-73.92166185135856"
CARROT TOP PASTRIES II,5025 BROADWAY,American,A,2018-01-31,GUACAMOLE CORP.,NEW YORK,10034,40.86965388149949,-73.91668449251118,Active,Unenclosed,"40.86965388149949,-73.91668449251118"
RAMBLING HOUSE,4292 KATONAH AVE,Irish,A,2018-01-31,RAMBLING HOUSE INC.,BRONX,10470,40.898440513925785,-73.86719736921276,Active,Unenclosed,"40.898440513925785,-73.86719736921276"
TRU,3519 DITMARS BLVD,Greek,A,2018-01-31,"MILO CAFE, CORP.",ASTORIA,11105,40.77461996174521,-73.90839455005819,Active,Unenclosed,"40.77461996174521,-73.90839455005819"
SKYLARK,477 5TH AVE,American,A,2018-01-29,SNOWDAY LLC,BROOKLYN,11215,40.66776380156063,-73.98724653947495,Active,Unenclosed,"40.66776380156063,-73.98724653947495"
CARA MIA,654 9TH AVE,Italian,A,2018-01-29,BKUK CORPORATION,NEW YORK,10036,40.760685277155645,-73.9907915587478,Active,Unenclosed,"40.760685277155645,-73.9907915587478"
MITI MITI TAPERIA,138 5TH AVE,Spanish,A,2018-01-29,WEPA LA AREPA LLC,BROOKLYN,11217,40.67871975587008,-73.97911088461558,Active,Unenclosed,"40.67871975587008,-73.97911088461558"
ROTISSERIE GEORGETTE,14 E 60TH ST,American,A,2018-01-26,SIXTY HOSPITALITY LLC,NEW YORK,10022,40.76429147000129,-73.97155372517194,Active,Small Unenclosed,"40.76429147000129,-73.97155372517194"
OSCAR'S PLACE,466 HUDSON ST,English,A,2018-01-26,MANEKEN CORP.,NEW YORK,10014,40.731884818083074,-74.00634317636553,Active,Unenclosed,"40.731884818083074,-74.00634317636553"
DELAWARE AND HUDSON,135 N 5TH ST,American,Z,2018-01-26,"135 STUDIO N ADR, INC.",BROOKLYN,11211,40.717083500301186,-73.95914285344479,Active,Unenclosed,"40.717083500301186,-73.95914285344479"
GOTAN,258 WYTHE AVE,American,A,2018-01-26,WYTHE HOSPITALITY LLC,BROOKLYN,11249,40.71709584343819,-73.9631867159662,Active,Unenclosed,"40.71709584343819,-73.9631867159662"
SUN IN BLOOM,165 CHURCH ST,Vegetarian,A,2018-01-25,SOLE DI CAPRI LLC,NEW YORK,10007,40.715103288545244,-74.00766183984106,Active,Unenclosed,"40.715103288545244,-74.00766183984106"
THE MANCHESTER DINER,2800 BROADWAY,American,A,2018-01-25,2800 RESTAURANT CORP,NEW YORK,10025,40.802949912973475,-73.96727139689798,Active,Unenclosed,"40.802949912973475,-73.96727139689798"
CHIRPING CHICKEN,1560 2ND AVE,Chicken,A,2018-01-25,81 STREET CHICKEN CORP,NEW YORK,10028,40.77444958138826,-73.95402409522532,Active,Unenclosed,"40.77444958138826,-73.95402409522532"
SUSHI D,207 DEKALB AVE,Japanese,A,2018-01-25,SUSHI D INC,BROOKLYN,11205,40.68976852997975,-73.97132228779559,Active,Unenclosed,"40.68976852997975,-73.97132228779559"
CRAZY ANNIE'S,3910 BROADWAY,American,A,2018-01-25,164 BROAD CORP.,NEW YORK,10032,40.83807219401714,-73.94166382900104,Active,Unenclosed,"40.83807219401714,-73.94166382900104"
MON GATEAU,8101 5TH AVE,Bakery,A,2018-01-25,LOUZZA LLC,BROOKLYN,11209,40.62480879804286,-74.02438457196037,Active,Unenclosed,"40.62480879804286,-74.02438457196037"
ROSSOPOMODORO,118 GREENWICH AVE,Italian,A,2018-01-24,NISIDA LLC,NEW YORK,10011,40.73845591200488,-74.00217233718264,Active,Unenclosed,"40.73845591200488,-74.00217233718264"
THE WINSLOW,243 E 14TH ST,American,A,2018-01-24,243 E. 14TH CAFE INC.,NEW YORK,10003,40.732776149288114,-73.98569338407016,Active,Small Unenclosed,"40.732776149288114,-73.98569338407016"
CLAUDETTE,24 5TH AVE,French,A,2018-01-24,24 5TH AVE LLC,NEW YORK,10011,40.73324632698382,-73.99616082050534,Active,Unenclosed,"40.73324632698382,-73.99616082050534"
INDAY,1133 BROADWAY,Indian,A,2018-01-24,LPB1 LLC,NEW YORK,10010,40.74367868984531,-73.98922407418277,Active,Unenclosed,"40.74367868984531,-73.98922407418277"
L'ANGOLO RISTORANTE,190A DUANE ST,Italian,A,2018-01-24,THANA REST INC.,NEW YORK,10013,40.71731534909657,-74.01041813929973,Active,Unenclosed,"40.71731534909657,-74.01041813929973"
GROOVE,125 MACDOUGAL ST,American,A,2018-01-23,125 HOSPITALITY LLC,NEW YORK,10012,40.73059770264575,-74.00014071621145,Active,Unenclosed,"40.73059770264575,-74.00014071621145"
BABBALUCCI'S,331 LENOX AVE,Italian,A,2018-01-23,SERF TWO INC,NEW YORK,10027,40.80895509015453,-73.94491518382345,Active,Unenclosed,"40.80895509015453,-73.94491518382345"
FLIP SIGI,1752 2ND AVE,Filipino,A,2018-01-23,2ND CITY SECOND AVENUE LLC,NEW YORK,10128,40.78116938066483,-73.94911953344409,Active,Unenclosed,"40.78116938066483,-73.94911953344409"
VANDAL,199 BOWERY,American,A,2018-01-23,BOWERY HOSPITALITY ASSOCIATES LLC,NEW YORK,10002,40.721150077058404,-73.99370113648966,Active,Unenclosed,"40.721150077058404,-73.99370113648966"
MOTORINO,510 COLUMBUS AVE,Pizza/Italian,A,2018-01-22,MOTORINO 3 INC,NEW YORK,10024,40.78570350569059,-73.97295290388527,Active,Unenclosed,"40.78570350569059,-73.97295290388527"
BELLA LUNA,574 COLUMBUS AVE,Italian,A,2018-01-22,B.L.T.G. PIZZA INC.,NEW YORK,10024,40.78779463755781,-73.97148229280246,Active,Unenclosed,"40.78779463755781,-73.97148229280246"
SEABIRD,361 6TH AVE,Seafood,B,2018-01-19,MOONBLU INC,NEW YORK,10014,40.732335130281385,-74.00072164041259,Active,Unenclosed,"40.732335130281385,-74.00072164041259"
DARLING'S,242 HIMROD ST,Other,A,2018-01-18,R G BAR G LLC,BROOKLYN,11237,40.69993274809449,-73.91981060921752,Active,Small Unenclosed,"40.69993274809449,-73.91981060921752"
ALTA CALIDAD,552 VANDERBILT AVE,Mexican,A,2018-01-18,"MALABAR KITCHEN, LLC",BROOKLYN,11238,40.68013629281332,-73.96815369730402,Active,Unenclosed,"40.68013629281332,-73.96815369730402"
PHILIPPE NYC I,33 E 60TH ST,American,A,2018-01-17,PHILIPPE NYC I LLC,NEW YORK,10022,40.76417317546486,-73.97047801742704,Active,Small Unenclosed,"40.76417317546486,-73.97047801742704"
BIRDY'S,1215 MYRTLE AVE,American,A,2018-01-17,MYRTLE VILLAGE LLC,BROOKLYN,11221,40.69759901490324,-73.93150511675515,Active,Unenclosed,"40.69759901490324,-73.93150511675515"
MOTORINO PIZZERIA,139 BROADWAY,Pizza/Italian,A,2018-01-17,MOTORINO BROADWAY INC.,BROOKLYN,11211,40.71055793261665,-73.96353660097895,Active,Unenclosed,"40.71055793261665,-73.96353660097895"
SEA WOLF,19 WYCKOFF AVE,American,A,2018-01-17,BROOKLYN ACQUISITION HOLDING LLC,BROOKLYN,11237,40.70682421291734,-73.92288615253753,Active,Unenclosed,"40.70682421291734,-73.92288615253753"
THE SPOTTED OWL,211 AVENUE A,American,A,2018-01-16,TAVERN 211 CORP,NEW YORK,10009,40.729830314339154,-73.98079426221011,Active,Unenclosed,"40.729830314339154,-73.98079426221011"
SABOR LATINO BAR & GRILL,2968 JEROME AVE,Spanish,A,2018-01-16,EL SABOR LATINO INC,BRONX,10468,40.872836746340795,-73.88938461560905,Active,Unenclosed,"40.872836746340795,-73.88938461560905"
DUNKIN DONUTS,353 AMSTERDAM AVE,Donuts,A,2018-01-12,WESTSIDE DONUT AMSTERDAM VENTURES LLC,NEW YORK,10024,40.78153281351074,-73.9792375086343,Active,Unenclosed,"40.78153281351074,-73.9792375086343"
DALTON'S BAR AND GRILL,8414 ASTORIA BLVD,American,A,2018-01-11,DALTONS BAR AND GRILL LLC,EAST ELMHURST,11370,40.76402036046843,-73.88460891870513,Active,Unenclosed,"40.76402036046843,-73.88460891870513"
JASPER'S TAPHOUSE & KITCHEN,761 9TH AVE,American,A,2018-01-11,AGGIEPOLO INC,NEW YORK,10019,40.7643273493248,-73.98854567546651,Active,Unenclosed,"40.7643273493248,-73.98854567546651"
2A,25 AVENUE A,American,A,2018-01-10,SWAUTO LTD,NEW YORK,10009,40.72300484807599,-73.98594441277262,Active,Unenclosed,"40.72300484807599,-73.98594441277262"
MARLOW BISTRO,1018 AMSTERDAM AVE,Mediterranean,A,2018-01-09,MADREL LLC,NEW YORK,10025,40.80289408457085,-73.96413257281282,Active,Unenclosed,"40.80289408457085,-73.96413257281282"
ANCHOR WINEBAR,3508 BROADWAY,Italian,A,2018-01-08,ANCHOR WINEBAR LLC,NEW YORK,10031,40.82515992759016,-73.95102259094296,Active,Unenclosed,"40.82515992759016,-73.95102259094296"
BUBBY'S HIGHLINE,71 GANSEVOORT ST,American,A,2018-01-08,BUBBYS MP LLC,NEW YORK,10014,40.73959474998052,-74.00765743903396,Active,Unenclosed,"40.73959474998052,-74.00765743903396"
AVRA MADISON ESTIATORIO,14 E 60TH ST,Greek,A,2018-01-05,SIXTY HOSPITALITY LLC,NEW YORK,10022,40.76429147000129,-73.97155372517194,Active,Small Unenclosed,"40.76429147000129,-73.97155372517194"
BEIJA-FLOR,3802 29TH ST,Brazilian,A,2018-01-03,"ESTRELLA DO NORTE RESTAURANT, INC",LONG ISLAND CITY,11101,40.754430517331826,-73.93372060172257,Active,Unenclosed,"40.754430517331826,-73.93372060172257"
LOCAL & VINE,282 HUDSON ST,American,A,2018-01-02,LOCAL & VINE CO CORP,NEW YORK,10013,40.725275375514705,-74.0075114808893,Active,Unenclosed,"40.725275375514705,-74.0075114808893"
EL VEZ,259 VESEY ST,Mexican,A,2018-01-02,"HAVATEQUILA RESTAURANT PARTNERS, LLC",NEW YORK,10282,40.714989966262706,-74.01548958779226,Active,Unenclosed,"40.714989966262706,-74.01548958779226"
L'ARTE DEL GELATO,75 9TH AVE,"Ice Cream, Gelato, Yogurt, Ices",A,2018-01-02,RANA USA LLC,NEW YORK,10011,40.74255097569739,-74.00538426294456,Active,Unenclosed,"40.74255097569739,-74.00538426294456"
YVES,385 GREENWICH ST,American,A,2017-12-29,AEMAL LLC,NEW YORK,10013,40.7201946383542,-74.01000732927359,Active,Unenclosed,"40.7201946383542,-74.01000732927359"
ZUCKER'S BAGELS AND SMOKED FISH,273 COLUMBUS AVE,Bagels/Pretzels,A,2017-12-29,ZUCKER'S COLUMBUS LLC,NEW YORK,10023,40.77780529374946,-73.97832156170854,Active,Unenclosed,"40.77780529374946,-73.97832156170854"
DOG & BONE,338 3RD AVE,American,A,2017-12-28,CARRA LLC,NEW YORK,10010,40.740120657661535,-73.98243682839147,Active,Unenclosed,"40.740120657661535,-73.98243682839147"
HAAGEN-DAZS,2905 BROADWAY,"Ice Cream, Gelato, Yogurt, Ices",A,2017-12-27,"ACUMEN GMAT, LLC",NEW YORK,10025,40.80652297746619,-73.96532987568109,Active,Unenclosed,"40.80652297746619,-73.96532987568109"
THE MILL,75 VARICK ST,Soups & Sandwiches,A,2017-12-27,SOHO 75 LLC,NEW YORK,10013,40.7234391929956,-74.006522758533,Active,Unenclosed,"40.7234391929956,-74.006522758533"
VEYTAS BAKERY CAFE & RESTAURANT,9201 ROOSEVELT AVE,Bakery,A,2017-12-22,VEYTAS BAKERY CAFE II CORP,JACKSON HEIGHTS,11372,40.74886705790128,-73.87453690182609,Active,Unenclosed,"40.74886705790128,-73.87453690182609"
Via Vai,3109 23RD AVE,Italian,A,2017-12-22,MAGIC FOOD CORPORATION,ASTORIA,11105,40.774263610900285,-73.9125254245232,Active,Unenclosed,"40.774263610900285,-73.9125254245232"
GEISHA SUSHI,3470 BROADWAY,Asian,B,2017-12-21,GEISHA ASIAN CUISINE INC,NEW YORK,10031,40.80652081805078,-73.95877007809784,Active,Unenclosed,"40.80652081805078,-73.95877007809784"
TUBBY HOOK TAVERN,4946 BROADWAY,American,A,2017-12-21,4946 BROADWAY RESTAURANT LLC,NEW YORK,10034,40.867507623946736,-73.9207148908589,Active,Unenclosed,"40.867507623946736,-73.9207148908589"
REDFARM,2170 BROADWAY,Asian,A,2017-12-21,RF BROADWAY LLC,NEW YORK,10024,40.782073776203106,-73.98067447714064,Active,Unenclosed,"40.782073776203106,-73.98067447714064"
PARIS CAFE,119 SOUTH ST,American,A,2017-12-21,PARIS CAFE LLC,NEW YORK,10038,40.70732212874432,-74.00176735559485,Active,Regular Unenclosed/Small Unenclosed,"40.70732212874432,-74.00176735559485"
VINTAGE 61,36 PECK SLIP,Australian,A,2017-12-21,"GOAT FIFTY, LLC",NEW YORK,10038,40.70751700974282,-74.00157619725074,Active,Unenclosed,"40.70751700974282,-74.00157619725074"
GREENWICH STEAK HOUSE FG,62 GREENWICH AVE,Steak,A,2017-12-21,"62 GREENWICH, LLC",NEW YORK,10011,40.736078974613015,-74.00069642212611,Active,Unenclosed,"40.736078974613015,-74.00069642212611"
THE ALCOVE RESTARANT,4111 49TH ST,Spanish,A,2017-12-20,THE ALCOVE RESTAURANT INC,SUNNYSIDE,11104,40.74598376190236,-73.91520430267187,Active,Unenclosed,"40.74598376190236,-73.91520430267187"
GREGORYS COFFEE,630 9TH AVE,American,A,2017-12-20,DANA'S LLC,NEW YORK,10036,40.759914044317604,-73.99130785190782,Active,Unenclosed,"40.759914044317604,-73.99130785190782"
BROWN SUGAR BAR & RESTAURANT,5060 BROADWAY,Latin,A,2017-12-20,BROWN SUGAR BAR AND RESTAURANT INC,NEW YORK,10034,40.86999610315507,-73.9154945071822,Active,Unenclosed,"40.86999610315507,-73.9154945071822"
TOM'S RESTAURANT,2880 BROADWAY,American,A,2017-12-19,EFTIHIA REST INC.,NEW YORK,10025,40.805480028914474,-73.96548574212666,Active,Unenclosed,"40.805480028914474,-73.96548574212666"
CARROLL PLACE,157 BLEECKER ST,Italian,A,2017-12-19,"SOUTH VILLAGE HOSPITALITY GROUP, LLC",NEW YORK,10012,40.72869558696449,-73.99979073571019,Active,Unenclosed,"40.72869558696449,-73.99979073571019"
CIEN FUEGOS,95 AVENUE A,Latin,A,2017-12-19,CIEN FUEGOS LLC,NEW YORK,10009,40.72565603199021,-73.98401365894416,Active,Unenclosed,"40.72565603199021,-73.98401365894416"
BOUCHERIE,99 7TH AVE S,French,A,2017-12-19,BOUCHERIE LLC,NEW YORK,10014,40.733018537062655,-74.00300927138393,Active,Unenclosed,"40.733018537062655,-74.00300927138393"
SILVER MOON BAKERY,2740 BROADWAY,Bakery,A,2017-12-18,"SILVER MOON BAKERY, INC.",NEW YORK,10025,40.80064997405801,-73.96777458254525,Active,Unenclosed,"40.80064997405801,-73.96777458254525"
ESPERANTO RESTAURANT BAR AND JUGO,145 AVENUE C,Brazilian,B,2017-12-18,177 CHRYSTIE INC.,NEW YORK,10009,40.72551231873222,-73.97803190673578,Active,Unenclosed,"40.72551231873222,-73.97803190673578"
CAFFE CAFE,8401 3RD AVE,Cafe/Coffee/Tea,A,2017-12-18,NANCE CORP.,BROOKLYN,11209,40.62490616183486,-74.0304582446706,Active,Unenclosed,"40.62490616183486,-74.0304582446706"
CONCORD HILL RESTAURANT,374 GRAHAM AVE,American,A,2017-12-14,CONCORD HILL INC,BROOKLYN,11211,40.71558143685975,-73.94441518604906,Active,Unenclosed,"40.71558143685975,-73.94441518604906"
ARTICHOKE BASILLE'S PIZZA,18 WYCKOFF AVE,Pizza,A,2017-12-14,ARTICHOKE BUSHWICK LLC,BROOKLYN,11237,40.706319149952,-73.92284706204646,Active,Unenclosed,"40.706319149952,-73.92284706204646"
ROOT & BONE,200 E 3RD ST,American,A,2017-12-14,ROOT & BONE LLC,NEW YORK,10009,40.722837075609505,-73.98337577438241,Active,Unenclosed,"40.722837075609505,-73.98337577438241"
MARGHERITA,197 GRAND ST,Italian,A,2017-12-12,MARGHERITA CORPORATION,NEW YORK,10013,40.71898459311896,-73.99691560520266,Active,Unenclosed,"40.71898459311896,-73.99691560520266"
BROOKLYN PUBLIC HOUSE,247 DEKALB AVE,American,A,2017-12-08,DECO CAFE INC,BROOKLYN,11205,40.68968019275852,-73.96936432532205,Active,Unenclosed,"40.68968019275852,-73.96936432532205"
PINK NORI,3606 30TH AVE,Japanese,A,2017-12-07,KI MOON RESTAURANT CORP.,ASTORIA,11103,40.764698953344606,-73.91727786025317,Active,Unenclosed,"40.764698953344606,-73.91727786025317"
UNION BAR & KITCHEN,300 SPRING ST,American,A,2017-12-07,UNION BAR AND KITCHEN LLC,NEW YORK,10013,40.72572273886379,-74.00798776672953,Active,Unenclosed,"40.72572273886379,-74.00798776672953"
LA VILLETTA,398 E 52ND ST,Italian,A,2017-12-07,"JONILU, LLC",NEW YORK,10022,40.75492184932435,-73.96498496209486,Active,Unenclosed,"40.75492184932435,-73.96498496209486"
ANEJO TRIBECA,31 WALKER ST,Mexican,A,2017-12-07,Anejo Tribeca LLC,NEW YORK,10013,40.71925903602331,-74.0041377957907,Active,Unenclosed,"40.71925903602331,-74.0041377957907"
ORWASHERS,440 AMSTERDAM AVE,Bakery,A,2017-12-05,"BENVA BAKERY, LLC",NEW YORK,10024,40.78469166302498,-73.9774310038781,Active,Unenclosed,"40.78469166302498,-73.9774310038781"
FIORELLOS,1900 BROADWAY,Italian,A,2017-12-04,TS3 HOSPITALITY LLC,NEW YORK,10023,40.77152043591371,-73.9817353649362,Active,Unenclosed,"40.77152043591371,-73.9817353649362"
SERENA'S,1268 2ND AVE,Mediterranean,B,2017-11-30,1268 2ND AVE LLC,NEW YORK,10065,40.765169357655246,-73.96074867665119,Active,Unenclosed,"40.765169357655246,-73.96074867665119"
BARFLY,244 3RD AVE,American,A,2017-11-30,BARFLY NYC INC,NEW YORK,10010,40.737203292209905,-73.98457380910976,Active,Unenclosed,"40.737203292209905,-73.98457380910976"
RENAISSANCE HARLEM,2245 ADAM CLAYTON POWELL JR BLVD,American,A,2017-11-28,RENAISSANCE HARLEM CORP,NEW YORK,10027,40.81333563975835,-73.94485736921821,Active,Unenclosed,"40.81333563975835,-73.94485736921821"
EAST HARLEM BOTTLING CO,1711 LEXINGTON AVE,American,A,2017-11-28,EAST HARLEM BOTTLING CO LLC,NEW YORK,10029,40.79291797180954,-73.9455929667981,Active,Unenclosed,"40.79291797180954,-73.9455929667981"
KAHVE,667 10TH AVE,Cafe/Coffee/Tea,A,2017-11-28,667 TENTH AVENUE CORP,NEW YORK,10036,40.76282086810309,-73.9934336763242,Active,Unenclosed,"40.76282086810309,-73.9934336763242"
ASADERO LA FOGATA,10840 CORONA AVE,Latin,A,2017-11-28,ASADERO LA FOGATA CORP,CORONA,11368,40.74253837005861,-73.85416654888883,Active,Enclosed,"40.74253837005861,-73.85416654888883"
TAQUERIA MARIA & RICARDO,915 CORTELYOU RD,Mexican,A,2017-11-28,JMQ FOOD CORP,BROOKLYN,11218,40.63909119268168,-73.9694055668597,Active,Unenclosed,"40.63909119268168,-73.9694055668597"
EROS AUTHENTIC GREEK CUISIN,447 3RD AVE,Greek,A,2017-11-27,STEEL PAN LLC,NEW YORK,10016,40.74348248297186,-73.97944785090213,Active,Unenclosed,"40.74348248297186,-73.97944785090213"
TAM PO PO RAMEN,1 BENNETT AVE,Japanese,B,2017-11-21,TAMPOPO LLC,NEW YORK,10033,40.8507170300964,-73.93641153338314,Active,Unenclosed,"40.8507170300964,-73.93641153338314"
UNITED MINERS SOCCER CLUB,3401 45TH ST,Eastern European,A,2017-11-21,UNITED MINERS SOCCER CLUB INC,LONG ISLAND CITY,11101,40.75457328080718,-73.91685008690781,Active,Unenclosed,"40.75457328080718,-73.91685008690781"
DUTCH KILLS CENTRAAL,3840 29TH ST,American,A,2017-11-21,DUTCH KILLS RESTORATION CORP.,LONG ISLAND CITY,11101,40.753739170296534,-73.93429517823378,Active,Unenclosed,"40.753739170296534,-73.93429517823378"
BARAWINE,27 W 120TH ST,French,A,2017-11-20,BARAWINE LLC,NEW YORK,10027,40.80452883818961,-73.947024710602,Active,Unenclosed,"40.80452883818961,-73.947024710602"
DALLAS BBQ,8914 PARSONS BLVD,Armenian,A,2017-11-20,JAMAICA BBQ LLC,JAMAICA,11432,40.705287924769756,-73.80186728085395,Active,Unenclosed,"40.705287924769756,-73.80186728085395"
APPLEBEE'S,1217 SURF AVE,American,A,2017-11-16,"CI APPLE, LLC",BROOKLYN,11224,40.57586171569847,-73.98023737691605,Active,Regular Unenclosed/Small Unenclosed,"40.57586171569847,-73.98023737691605"
ELI'S ESSENTIALS,26 E 91ST ST,Sandwiches/Salads/Mixed Buffet,A,2017-11-16,MANNA MADISON AVENUE LLC,NEW YORK,10128,40.78394475796219,-73.9569605031879,Active,Small Unenclosed,"40.78394475796219,-73.9569605031879"
FILICORI ZECCHINI,2541 BROADWAY,Cafe/Coffee/Tea,A,2017-11-15,"SAC'S PIZZA PLACE, INC.",ASTORIA,11106,40.763039861786424,-73.92762940915803,Active,Enclosed,"40.763039861786424,-73.92762940915803"
SENZA GLUTEN,206 SULLIVAN ST,Italian,A,2017-11-13,JL SOLO INC,NEW YORK,10012,40.72902770223777,-74.0002922498613,Active,Unenclosed,"40.72902770223777,-74.0002922498613"
JOHN DOE BAR & KITCHEN,253 5TH AVE,American,A,2017-11-13,"SENANROSSA, LLC",NEW YORK,10016,40.7446446115609,-73.98699363705428,Active,Small Unenclosed,"40.7446446115609,-73.98699363705428"
HANABI,1450 2ND AVE,Japanese,A,2017-11-13,BILTMORE GARAGE RESTAURANT ASSOCIATES LLC,NEW YORK,10021,40.770997658299535,-73.95649231137126,Active,Unenclosed,"40.770997658299535,-73.95649231137126"
INDUSTRY 1332,1332 HALSEY ST,Latin,A,2017-11-09,INDUSTRY 1332 CORP.,BROOKLYN,11237,40.694674559622,-73.90631905505134,Active,Unenclosed,"40.694674559622,-73.90631905505134"
CAFE LA CONTRADA,84 E 4TH ST,Italian,A,2017-11-08,CJFM LLC,NEW YORK,10003,40.72619465821835,-73.98975365032635,Active,Unenclosed,"40.72619465821835,-73.98975365032635"
BIG DADDY'S,2454 BROADWAY,American,A,2017-11-06,"BIG DADDYS III, LLC",NEW YORK,10024,40.79107518769776,-73.97400163483665,Active,Unenclosed,"40.79107518769776,-73.97400163483665"
CLOVE INDIAN RESTAURANT BAR,1592 AMSTERDAM AVE,Indian,B,2017-11-06,CLOVE INDIAN RESTAURANT INC.,NEW YORK,10031,40.8213885443936,-73.95068935478717,Active,Unenclosed,"40.8213885443936,-73.95068935478717"
WHISPERS BAR AND RESTAURANT,210 W 94TH ST,American,A,2017-11-02,LEVANTINO LLC,NEW YORK,10025,40.79300703626893,-73.97211207085738,Active,Unenclosed,"40.79300703626893,-73.97211207085738"
FONDA,40 AVENUE B,Mexican,A,2017-11-02,FONDA AVENUE B LLC,NEW YORK,10009,40.72291659794694,-73.98285985456111,Active,Unenclosed,"40.72291659794694,-73.98285985456111"
CAFE METRO,162 W 56TH ST,Sandwiches/Salads/Mixed Buffet,A,2017-11-01,"SGR HOSPITALITY GROUP, LLC",NEW YORK,10019,40.764554015871354,-73.98011279893792,Active,Small Unenclosed,"40.764554015871354,-73.98011279893792"
EL TEMERARIO,198 8TH AVE,Mexican,A,2017-10-27,"BE TEMERARIO GROUP, LLC",NEW YORK,10011,40.743509019228256,-73.99977625395259,Active,Unenclosed,"40.743509019228256,-73.99977625395259"
BAR BOLONAT,611 HUDSON ST,Mediterranean,A,2017-10-27,"DOUBLE DIP, LLC",NEW YORK,10014,40.737681767250535,-74.00578080354651,Active,Enclosed,"40.737681767250535,-74.00578080354651"
Vite-Vinosteria,3105 34TH ST,Italian,A,2017-10-27,PCPG LLC,ASTORIA,11106,40.76293688240566,-73.92127255545282,Active,Unenclosed,"40.76293688240566,-73.92127255545282"
SABA'S PIZZA,403 AMSTERDAM AVE,Pizza,A,2017-10-25,MOSHGAB CORP.,NEW YORK,10024,40.783223341483954,-73.97800564418775,Active,Unenclosed,"40.783223341483954,-73.97800564418775"
CAFE 71,2061 BROADWAY,Cafe/Coffee/Tea,A,2017-10-25,"CAFE 71, INC.",NEW YORK,10023,40.778198460887374,-73.9822354187562,Active,Enclosed,"40.778198460887374,-73.9822354187562"
LAS CATRINAS,3202 BROADWAY,Mexican,B,2017-10-25,NEWTOWN BAR LLC,ASTORIA,11106,40.7613388864408,-73.92454490011423,Active,Unenclosed,"40.7613388864408,-73.92454490011423"
TASTI D LITE,300 E 86TH ST,"Ice Cream, Gelato, Yogurt, Ices",A,2017-10-23,T&S RESTAURANT LLC,NEW YORK,10028,40.77761871161315,-73.95148361574891,Active,Enclosed,"40.77761871161315,-73.95148361574891"
LIMON JUNGLE RESTAURANT,1 7TH AVE S,Spanish,B,2017-10-23,BKUK 7 CORP.,NEW YORK,10014,40.72975770274269,-74.00491418113296,Active,Unenclosed,"40.72975770274269,-74.00491418113296"
3 IN 1 KITCHEN,4902 FORT HAMILTON PKWY,American,A,2017-10-20,3 IN 1 KITCHEN AMK CORP.,BROOKLYN,11219,40.63844747374291,-73.99789217166744,Active,Enclosed,"40.63844747374291,-73.99789217166744"
5 NAPKIN,1325 2ND AVE,American,A,2017-10-19,"ROSSINI, LLC",NEW YORK,10021,40.7673839616471,-73.9595849188339,Active,Unenclosed,"40.7673839616471,-73.9595849188339"
OLA' VIVABAR,453 E 78TH ST,American,A,2017-10-19,UPNORTH BURGER LLC,NEW YORK,10075,40.771163300937815,-73.95199376152894,Active,Unenclosed,"40.771163300937815,-73.95199376152894"
TAP NYC,267 COLUMBUS AVE,Other,A,2017-10-19,CLASSIC FOOD INC,NEW YORK,10023,40.777552806432084,-73.97847329130418,Active,Unenclosed,"40.777552806432084,-73.97847329130418"
SEXY TACO DIRTY CASH,161 MALCOLM X BLVD,American,B,2017-10-19,YOU MAKE ME FEEL LLC,NEW YORK,10026,40.80360194826349,-73.94885676567083,Active,Unenclosed,"40.80360194826349,-73.94885676567083"
SAN MATTEO PIZZERIA E CUCINA,1559 2ND AVE,Italian,A,2017-10-19,CAMPANIA FELIX LLC,NEW YORK,10028,40.77456491932829,-73.95417204571399,Active,Enclosed,"40.77456491932829,-73.95417204571399"
FIVE IRON GOLF,138 5TH AVE,American,A,2017-10-19,WEPA LA AREPA LLC,BROOKLYN,11217,40.67871975587008,-73.97911088461558,Active,Unenclosed,"40.67871975587008,-73.97911088461558"
DALE DINER,189 W 231ST ST,American,A,2017-10-18,SANGEO CORP,BRONX,10463,40.879006364668605,-73.90422593763319,Active,Enclosed,"40.879006364668605,-73.90422593763319"
IL PORTO BRICK OVEN RISTORANTE,37 WASHINGTON AVE,Italian,A,2017-10-18,IL PORTO BRICK OVEN RISTORANTE LLC,BROOKLYN,11205,40.6974803334561,-73.96756840205275,Active,Unenclosed,"40.6974803334561,-73.96756840205275"
ARCO CAFE,886 AMSTERDAM AVE,Italian,A,2017-10-18,886 AMSTERDAM AVENUE CORP.,NEW YORK,10025,40.798791614498036,-73.96713980458965,Active,Unenclosed,"40.798791614498036,-73.96713980458965"
TACUBA CANTIINA MEXICANA,3501 36TH ST,Mexican,A,2017-10-17,"35-01 36TH STREET REST., INC.",ASTORIA,11106,40.756019659131866,-73.92468086708307,Active,Unenclosed,"40.756019659131866,-73.92468086708307"
EASTFIELD'S,1479 YORK AVE,American,A,2017-10-14,HERM LLC,NEW YORK,10075,40.77098718437953,-73.95091802003881,Active,Enclosed,"40.77098718437953,-73.95091802003881"
PINEAPPLE EXPRESS,75 9TH AVE,"Ice Cream, Gelato, Yogurt, Ices",A,2017-10-13,RANA USA LLC,NEW YORK,10011,40.74255097569739,-74.00538426294456,Active,Unenclosed,"40.74255097569739,-74.00538426294456"
LADUREE PARIS,864 MADISON AVE,French,A,2017-10-13,LADUREE MADISON LLC,NEW YORK,10021,40.77072646235688,-73.96627274372702,Active,Unenclosed,"40.77072646235688,-73.96627274372702"
CORNER SLICE (Located inside Gotham West market on 45 St. & 11TH Ave),600 11TH AVE,Pizza/Italian,A,2017-10-13,DAILY ROADSIDE LLC,NEW YORK,10036,40.76245871327809,-73.99712296233648,Active,Unenclosed,"40.76245871327809,-73.99712296233648"
SIGNATURE RESTAURANT,2007 EMMONS AVE,Russian,A,2017-10-11,GOOD VISION TASTE INC.,BROOKLYN,11235,40.584055919760814,-73.94812484714976,Active,Unenclosed,"40.584055919760814,-73.94812484714976"
VIAND CAFE,2130 BROADWAY,American,A,2017-10-10,"BEACWAY OPERATING, LLC",NEW YORK,10023,40.78065208898341,-73.98119123707154,Active,Unenclosed,"40.78065208898341,-73.98119123707154"
THEP,1439 2ND AVE,Thai,A,2017-10-05,TUMMA KHAKUEN INC,NEW YORK,10021,40.77077832407999,-73.957145916313,Active,Unenclosed,"40.77077832407999,-73.957145916313"
CHOZA TAQUERIA,600 11TH AVE,Tex-Mex,A,2017-10-03,DAILY ROADSIDE LLC,NEW YORK,10036,40.76245871327809,-73.99712296233648,Active,Unenclosed,"40.76245871327809,-73.99712296233648"
JK & SONS COFFEE SHOP,801 BROADWAY,American,A,2017-10-02,"PQ UNION SQUARE, INC.",NEW YORK,10003,40.73296337413869,-73.99158920168063,Active,Unenclosed,"40.73296337413869,-73.99158920168063"
DINER,85 BROADWAY,American,A,2017-09-28,"MARLOW, INC.",BROOKLYN,11249,40.71069308362515,-73.9656754963421,Active,Unenclosed,"40.71069308362515,-73.9656754963421"
POLLOS A LA BARASA MARIO,4019 BROADWAY,Latin,A,2017-09-28,SIBECA CORPORATION,ASTORIA,11103,40.75886151664885,-73.91816586218823,Active,Enclosed,"40.75886151664885,-73.91816586218823"
PEPE GIALLO,195 10TH AVE,Italian,A,2017-09-28,SONNY LOU INC,NEW YORK,10011,40.74693435873952,-74.0049912369977,Active,Unenclosed,"40.74693435873952,-74.0049912369977"
COCINA CHENTE MEXICAN CUISINE,3535 RIVERDALE AVE,Mexican,A,2017-09-27,TRUFFA PIZZERIA & WINE ROOM CORP.,BRONX,10463,40.88621356047574,-73.90714496480358,Active,Unenclosed,"40.88621356047574,-73.90714496480358"
CORNER CAFE,2518 BROADWAY,Cafe/Coffee/Tea,A,2017-09-26,94 CORNER CAFE CORP.,NEW YORK,10025,40.793007152345815,-73.97259601054384,Active,Unenclosed,"40.793007152345815,-73.97259601054384"
MAISON MAY,270 VANDERBILT AVE,French,A,2017-09-21,BROOKLYN BROWNSTONE KITCHEN LLC,BROOKLYN,11205,40.68909821469904,-73.96904006508011,Active,Unenclosed,"40.68909821469904,-73.96904006508011"
PASTICCERIA ROCCO,9402 4TH AVE,Cafe/Coffee/Tea,A,2017-09-19,ROCCO'S BROOKLYN BAKERY INC,BROOKLYN,11209,40.61658109306885,-74.03089028139169,Active,Unenclosed,"40.61658109306885,-74.03089028139169"
SUSHI GAMA,1403 2ND AVE,Japanese,A,2017-09-18,SUSHI GAMA CORP,NEW YORK,10021,40.76969718158985,-73.9579192005276,Active,Unenclosed,"40.76969718158985,-73.9579192005276"
SCRIBTUM,65 KENT AVE,Italian,A,2017-09-16,NORTH TENTH & KENT RISTORANTE LLC,BROOKLYN,11249,40.7219282083894,-73.95973153619147,Active,Unenclosed,"40.7219282083894,-73.95973153619147"
HAVE & MEYER CHATTERIA,103 HAVEMEYER ST,Italian,A,2017-09-14,VABEH FIRST LLC,BROOKLYN,11211,40.713173939249906,-73.95636051833127,Active,Unenclosed,"40.713173939249906,-73.95636051833127"
PIZZA SUPERSTAR,446 DEAN ST,Pizza,A,2017-09-14,BROCCOLINO CORP.,BROOKLYN,11217,40.681925116209136,-73.97634808699263,Active,Unenclosed,"40.681925116209136,-73.97634808699263"
THE MALT HOUSE,11 MAIDEN LN,American,A,2017-09-13,MAIDENEIRE LLC,NEW YORK,10038,40.70965755417188,-74.00937452680006,Active,Unenclosed,"40.70965755417188,-74.00937452680006"
EL COLMADO,600 11TH AVE,Mexican,A,2017-09-12,DAILY ROADSIDE LLC,NEW YORK,10036,40.76245871327809,-73.99712296233648,Active,Unenclosed,"40.76245871327809,-73.99712296233648"
LUNERA MODERN MEXICAN,3225 STEINWAY ST,Spanish,A,2017-09-12,STEINWAY LPC CORP,ASTORIA,11103,40.75840668886899,-73.91929984037645,Active,Unenclosed,"40.75840668886899,-73.91929984037645"
OLIVER'S ASTORIA,3719 BROADWAY,American,A,2017-09-12,"OLIVER'S ASTORIA, LLC",ASTORIA,11103,40.759614911802174,-73.92006723864951,Active,Unenclosed,"40.759614911802174,-73.92006723864951"
LUNA CAFE INC,601 E 187TH ST,Cafe/Coffee/Tea,A,2017-09-11,Luna Cafe Inc,BRONX,10458,40.8555788479635,-73.88734560011022,Active,Unenclosed,"40.8555788479635,-73.88734560011022"
OBICA MOZZARELLA BAR,928 BROADWAY,Italian,A,2017-09-11,OBIKA NY MADISON LLC,NEW YORK,10010,40.74001994538,-73.9893148813839,Active,Unenclosed,"40.74001994538,-73.9893148813839"
FILAGA,75 9TH AVE,Pizza/Italian,A,2017-09-11,RANA USA LLC,NEW YORK,10011,40.74255097569739,-74.00538426294456,Active,Unenclosed,"40.74255097569739,-74.00538426294456"
PIZZANISTE,3439 E TREMONT AVE,Pizza/Italian,A,2017-09-11,A & S FOODS INC,BRONX,10465,40.8325922132826,-73.82762207775305,Active,Unenclosed,"40.8325922132826,-73.82762207775305"
THE LOWERY BAR & KITCHEN,4302 43RD AVE,American,A,2017-09-07,JAKK LLC,SUNNYSIDE,11104,40.76963685475684,-73.82983925051697,Active,Unenclosed,"40.76963685475684,-73.82983925051697"
ASTORIA CRAFT BAR & KITCHEN,1801 26TH RD,American,A,2017-09-07,ASTORIA CRAFT LLC,ASTORIA,11102,40.77332955989922,-73.92709471530506,Active,Unenclosed,"40.77332955989922,-73.92709471530506"
STARBUCKS COFFEE #48340,11 OLD FULTON ST,Cafe/Coffee/Tea,A,2017-09-06,STARBUCKS CORPORATION,BROOKLYN,11201,40.702908397288034,-73.99386155087994,Active,Unenclosed,"40.702908397288034,-73.99386155087994"
BALZEM,202 MOTT ST,Mediterranean,A,2017-09-06,"TAVA CAFE, LLC",NEW YORK,10012,40.72136699627343,-73.99547245164285,Active,Unenclosed,"40.72136699627343,-73.99547245164285"
ANNABEL,809 9TH AVE,Italian,A,2017-09-05,MANTA LLC,NEW YORK,10019,40.76582861022845,-73.9874624122822,Active,Unenclosed,"40.76582861022845,-73.9874624122822"
TABLE 87,473 3RD AVE,Pizza,A,2017-08-31,TABLE 87 GOWANUS NYC LLC,BROOKLYN,11215,40.67066267740034,-73.99148170237817,Active,Unenclosed,"40.67066267740034,-73.99148170237817"
SAL ANTHONY'S RESTAURANT,226 3RD AVE,Italian,B,2017-08-31,226 3RD RESTAURANT LLC,NEW YORK,10003,40.7365994986248,-73.98496726810009,Active,Unenclosed,"40.7365994986248,-73.98496726810009"
ELORA'S MEXICAN AND SPANISH RESTAURANT,272 PROSPECT PARK W,Mexican,A,2017-08-29,ELORA 272 INC,BROOKLYN,11215,40.65848304967749,-73.98229973676317,Active,Unenclosed,"40.65848304967749,-73.98229973676317"
THE HIDEAWAY SEAPORT,22 PECK SLIP,American,A,2017-08-29,HEDGIE LLC,NEW YORK,10038,40.70804125414012,-74.00193329146606,Active,Unenclosed,"40.70804125414012,-74.00193329146606"
BRASSERIE COGNAC EAST,963 LEXINGTON AVE,French,A,2017-08-25,BRASSERIE COGNAC EAST CORP.,NEW YORK,10021,40.76910605293149,-73.9629738465256,Active,Unenclosed,"40.76910605293149,-73.9629738465256"
GANSEVOORT PARK ROOFTOP,420 PARK AVE S,American,A,2017-08-24,"ONE 29 PARK, LLC",NEW YORK,10016,40.74391412335422,-73.98394431897994,Active,Unenclosed,"40.74391412335422,-73.98394431897994"
LOCAL 92,92 2ND AVE,Mediterranean,A,2017-08-23,LOCAL 92 INC,NEW YORK,10003,40.72691093723721,-73.98866034394895,Active,Unenclosed,"40.72691093723721,-73.98866034394895"
MEME,607 10TH AVE,Mediterranean,A,2017-08-23,TOR RESTAURANT LLC,NEW YORK,10036,40.760784331398966,-73.99464314107243,Active,Unenclosed,"40.760784331398966,-73.99464314107243"
THE SOSTA,52 KENMARE ST,Italian,A,2017-08-22,ALSW MOTT LLC,NEW YORK,10012,40.720661598173024,-73.99559876451549,Active,Unenclosed,"40.720661598173024,-73.99559876451549"
PICANTE MEXICAN BAR AND GRILL RESTAURANT,3424 BROADWAY,Mexican,B,2017-08-21,PICANTE INC.,NEW YORK,10031,40.822663011444476,-73.95288517542902,Active,Unenclosed,"40.822663011444476,-73.95288517542902"
GRACIE'S ON 2ND,300 E 86TH ST,American,A,2017-08-16,T&S RESTAURANT LLC,NEW YORK,10028,40.77761871161315,-73.95148361574891,Active,Enclosed,"40.77761871161315,-73.95148361574891"
Empire Diner,210 10TH AVE,American,A,2017-08-15,210 EMPIRE LLC,NEW YORK,10011,40.7471429841922,-74.00438854894793,Active,Unenclosed,"40.7471429841922,-74.00438854894793"
VIVE LA CREPE,532 COLUMBUS AVE,French,A,2017-08-14,VLC COLUMBUS & 86TH LLC,NEW YORK,10024,40.786329187606505,-73.9724579251331,Active,Unenclosed,"40.786329187606505,-73.9724579251331"
COMMUNITY FOOD AND JUICE,2893 BROADWAY,American,A,2017-08-11,2896 BROADWAY FOOD SERVICE INC.,NEW YORK,10025,40.80605646631941,-73.96563715556694,Active,Unenclosed,"40.80605646631941,-73.96563715556694"
MAXWELL'S BAR & RESTAURANT,1325 5TH AVE,American,Z,2017-08-10,1325 CCPJ CORP,NEW YORK,10029,40.797706163961365,-73.94860847303094,Active,Unenclosed,"40.797706163961365,-73.94860847303094"
CAFE ALTRO PARADISO,234 SPRING ST,Italian,A,2017-08-10,TOURBILLON 45 LLC,NEW YORK,10013,40.72556646733649,-74.00473708812684,Active,Unenclosed,"40.72556646733649,-74.00473708812684"
Lamano,265 W 20TH ST,Cafe/Coffee/Tea,A,2017-08-08,BE BAMBA GROUP LLC,NEW YORK,10011,40.743404715597975,-73.99912306121941,Active,Unenclosed,"40.743404715597975,-73.99912306121941"
BAR PRIMI,325 BOWERY,Italian,A,2017-08-08,PASTA SHOP LLC,NEW YORK,10003,40.72563489628303,-73.99186432238785,Active,Unenclosed,"40.72563489628303,-73.99186432238785"
THE BOWERY HOTEL BAR,335 BOWERY,American,A,2017-08-04,"BOWERY F & B, LLC",NEW YORK,10003,40.72602189464551,-73.9916910978502,Active,Unenclosed,"40.72602189464551,-73.9916910978502"
THE CANNIBAL,600 11TH AVE,American,A,2017-08-03,DAILY ROADSIDE LLC,NEW YORK,10036,40.76245871327809,-73.99712296233648,Active,Unenclosed,"40.76245871327809,-73.99712296233648"
ZUCCHERO E POMODORI,1435 2ND AVE,Italian,A,2017-08-03,ZEP LLC,NEW YORK,10021,40.77067954030851,-73.95721818547922,Active,Unenclosed,"40.77067954030851,-73.95721818547922"
QUALITY EATS,1496 2ND AVE,American,A,2017-08-03,"BACON & BAGELS, LLC",NEW YORK,10075,40.772438259906224,-73.95548046509344,Active,Unenclosed,"40.772438259906224,-73.95548046509344"
MALECON RESTAURANT,4141 BROADWAY,Spanish,A,2017-08-02,Malecon Restaurant Corp.,NEW YORK,10033,40.846507852146615,-73.93862756740052,Active,Unenclosed,"40.846507852146615,-73.93862756740052"
BAGELS & COMPANY,172 W 79TH ST,Jewish/Kosher,A,2017-08-02,AMSTERDAM AVE BAGELS INC,NEW YORK,10024,40.78277316213914,-73.97778191489748,Active,Unenclosed,"40.78277316213914,-73.97778191489748"
STREET TACO,358 3RD AVE,Spanish,A,2017-08-01,MFRF ENTERPRISES INC,NEW YORK,10016,40.74096595213413,-73.98186282710823,Active,Enclosed,"40.74096595213413,-73.98186282710823"
Bonmi,150 W 62ND ST,Sandwiches/Salads/Mixed Buffet,A,2017-08-01,BAHN MI LLC,NEW YORK,10023,40.77099393072683,-73.98510391612987,Active,Unenclosed,"40.77099393072683,-73.98510391612987"
THE RICKEY COCKTAIL LOUNGE,210 W 55TH ST,American,A,2017-07-31,"SERAFINA BROADWAY, LTD",NEW YORK,10019,40.76442529338741,-73.9818095094694,Active,Small Unenclosed,"40.76442529338741,-73.9818095094694"
VIC'S,31 GREAT JONES ST,American,A,2017-07-28,31 GREAT JONES RESTAURANT CORP.,NEW YORK,10012,40.72682620260033,-73.99311972747215,Active,Unenclosed,"40.72682620260033,-73.99311972747215"
FRED'S,476 AMSTERDAM AVE,American,A,2017-07-27,UPPER WEST REST. CORP.,NEW YORK,10024,40.78563569805884,-73.97666152156813,Active,Unenclosed,"40.78563569805884,-73.97666152156813"
PRINCE COFFEE HOUSE,2306 ARTHUR AVE,Eastern European,A,2017-07-27,PRINCE COFFEE HOUSE CORP,BRONX,10458,40.8535933735781,-73.8890912883823,Active,Unenclosed,"40.8535933735781,-73.8890912883823"
EMPIRE HOTEL BAR,44 W 63RD ST,American,A,2017-07-26,ERS ENTERPRISES INC.,NEW YORK,10023,40.771350387999604,-73.9825477326751,Active,Enclosed,"40.771350387999604,-73.9825477326751"
NEBULA BAR & KITCHEN,141 NAGLE AVE,Spanish,A,2017-07-26,"WFRB, INC",NEW YORK,10040,40.860726333557956,-73.92614572897742,Active,Unenclosed,"40.860726333557956,-73.92614572897742"
HANAMI SUSHI,857 9TH AVE,Japanese,A,2017-07-25,"ENOLOGO, INC.",NEW YORK,10019,40.767135000578726,-73.9865199335247,Active,Unenclosed,"40.767135000578726,-73.9865199335247"
GENUINE ROADSIDE,600 11TH AVE,American,A,2017-07-24,DAILY ROADSIDE LLC,NEW YORK,10036,40.76245871327809,-73.99712296233648,Active,Unenclosed,"40.76245871327809,-73.99712296233648"
DYLAN'S CANDY BAR,33 UNION SQ W,Cafe/Coffee/Tea,A,2017-07-24,"DYLAN'S CANDYBAR, LLC",NEW YORK,10003,40.7366961663205,-73.99064692810911,Active,Small Unenclosed,"40.7366961663205,-73.99064692810911"
CALEXICO,1491 2ND AVE,Mexican,A,2017-07-24,CALEXICO 122 LLC,NEW YORK,10075,40.772583856121784,-73.95580530225368,Active,Enclosed,"40.772583856121784,-73.95580530225368"
LILIA,567 UNION AVE,Italian,A,2017-07-22,WOODFIRE COLLISION LLC,BROOKLYN,11211,40.71754473872434,-73.95231375905013,Active,Unenclosed,"40.71754473872434,-73.95231375905013"
CORNERSTONE CAFE,17 AVENUE B,American,A,2017-07-21,A.O. CAFE AND RESTAURANT LLC,NEW YORK,10009,40.722027355222814,-73.98326053175117,Active,Unenclosed,"40.722027355222814,-73.98326053175117"
OSO,1616 AMSTERDAM AVE,Mexican,A,2017-07-20,"OSO HAMILTON HEIGHTS, LLC",NEW YORK,10031,40.82202513559706,-73.95026254129594,Active,Unenclosed,"40.82202513559706,-73.95026254129594"
THE BONNIE,2912 23RD AVE,American,A,2017-07-20,GARAGE ASTORIA LLC,ASTORIA,11105,40.774621314161784,-73.91370197603374,Active,Unenclosed,"40.774621314161784,-73.91370197603374"
CASA MEXICANA,898 AMSTERDAM AVE,Mexican,A,2017-07-19,PRIMAVERA MEXICANA LLC,NEW YORK,10025,40.79904956102026,-73.96693741542464,Active,Unenclosed,"40.79904956102026,-73.96693741542464"
ULIVO,4 W 28TH ST,Italian,A,2017-07-19,TARENTUM LTD,NEW YORK,10001,40.744743514438134,-73.98783448541677,Active,Unenclosed,"40.744743514438134,-73.98783448541677"
MASSERIA DEI VINI,889 9TH AVE,Italian,A,2017-07-18,VEGG 58TH LLC,NEW YORK,10019,40.76853195667906,-73.98555573719841,Active,Unenclosed,"40.76853195667906,-73.98555573719841"
GREENPOINT FISH & LOBSTER CO.,114 NASSAU AVE,Seafood,A,2017-07-18,GFLC MARKET LLC,BROOKLYN,11222,40.724607685452064,-73.94756807663808,Active,Unenclosed,"40.724607685452064,-73.94756807663808"
OMONIA CAFE,3220 BROADWAY,Greek,A,2017-07-14,OMONIA CAFE INC.,ASTORIA,11106,40.76111359958922,-73.92421305719117,Active,Enclosed,"40.76111359958922,-73.92421305719117"
EL ORIGINAL,735 10TH AVE,Tex-Mex,A,2017-07-13,"EL ORIGINAL NYC, LLC",NEW YORK,10019,40.764582916344345,-73.9922097298598,Active,Unenclosed,"40.764582916344345,-73.9922097298598"
FILTERED,1616 AMSTERDAM AVE,Cafe/Coffee/Tea,A,2017-07-13,"OSO HAMILTON HEIGHTS, LLC",NEW YORK,10031,40.82202513559706,-73.95026254129594,Active,Unenclosed,"40.82202513559706,-73.95026254129594"
KING TAI,1095 BERGEN ST,American,A,2017-07-13,BAR BERTRAND LLC,BROOKLYN,11216,40.67607001859877,-73.94932229168195,Active,Unenclosed,"40.67607001859877,-73.94932229168195"
UPLAND,345 PARK AVE S,American,A,2017-07-11,"26TH STREET RESTAURANT, LLC",NEW YORK,10010,40.74170475350538,-73.9850924210366,Active,Small Unenclosed,"40.74170475350538,-73.9850924210366"
MEL'S BURGER,1450 2ND AVE,American,A,2017-07-10,BILTMORE GARAGE RESTAURANT ASSOCIATES LLC,NEW YORK,10021,40.770997658299535,-73.95649231137126,Active,Unenclosed,"40.770997658299535,-73.95649231137126"
LA LOTERIA,29 7TH AVE S,Mexican,A,2017-07-10,INTERNATIONAL HOSPITALITY CONCEPTS LLC,NEW YORK,10014,40.73093248507527,-74.00423233193223,Active,Unenclosed,"40.73093248507527,-74.00423233193223"
GREGORY'S COFFEE,350 HUDSON ST,Cafe/Coffee/Tea,A,2017-07-10,PRET A MANGER (USA) LIMITED,NEW YORK,10014,40.727646873849174,-74.00706075467005,Active,Unenclosed,"40.727646873849174,-74.00706075467005"
TREAT HOUSE,452 AMSTERDAM AVE,American,A,2017-06-30,PB WEALTH INC,NEW YORK,10024,40.78505117402946,-73.9771817189479,Active,Unenclosed,"40.78505117402946,-73.9771817189479"
AMITY HALL,982 AMSTERDAM AVE,American,A,2017-06-28,AMITY HALL UPTOWN INC.,NEW YORK,10025,40.8021558574084,-73.964468885392,Active,Unenclosed,"40.8021558574084,-73.964468885392"
IL VIOLINO,180 COLUMBUS AVE,Italian,A,2017-06-28,"COBP, CORP",NEW YORK,10023,40.77506098594754,-73.9807378911022,Active,Enclosed,"40.77506098594754,-73.9807378911022"
SAXON & PAROLE,316 BOWERY,American,A,2017-06-27,"316 BOWERY, LLC",NEW YORK,10012,40.72518479237051,-73.99239472613228,Active,Unenclosed,"40.72518479237051,-73.99239472613228"
TESSA,349 AMSTERDAM AVE,Mediterranean,A,2017-06-27,BT RESTAURANT ENTERPRISES LLC,NEW YORK,10024,40.78141205881659,-73.97931337438088,Active,Unenclosed,"40.78141205881659,-73.97931337438088"
12 CHAIRS CAFE,342 WYTHE AVE,Middle Eastern,A,2017-06-22,12 CHAIRS BYN LLC,BROOKLYN,11249,40.714582266760935,-73.96519373042419,Active,Unenclosed,"40.714582266760935,-73.96519373042419"
JUQUILA KITCHEN AND BAR,3905 29TH ST,Spanish,A,2017-06-20,"JUQUILA KITCHEN AND BAR, CORP",LONG ISLAND CITY,11101,40.753195836054076,-73.93451588346575,Active,Regular Unenclosed/Small Unenclosed,"40.753195836054076,-73.93451588346575"
HUGO AND SONS,367 7TH AVE,Italian,A,2017-06-17,ONE MEATBALL LLC,BROOKLYN,11215,40.665674385105746,-73.98239154795709,Active,Unenclosed,"40.665674385105746,-73.98239154795709"
BROOKLYN BURGERS & BEERS,259 5TH AVE,American,A,2017-06-15,BROOKLYN BURGER & BEERS CORP,BROOKLYN,11215,40.67438071084131,-73.98171510183431,Active,Unenclosed,"40.67438071084131,-73.98171510183431"
MAMASUSHI,3569 BROADWAY,Asian,A,2017-06-14,SUSHI VIDA 146 LLC,NEW YORK,10031,40.82745407498944,-73.95000916131981,Active,Unenclosed,"40.82745407498944,-73.95000916131981"
LEFKOS PYRGOS,3302 DITMARS BLVD,Bakery,A,2017-06-13,GG33 CORP,ASTORIA,11105,40.77528507508976,-73.90951651031338,Active,Unenclosed,"40.77528507508976,-73.90951651031338"
MARLOW AND SONS,81 BROADWAY,American,A,2017-06-12,KING LUKE INC.,BROOKLYN,11211,40.710709580124295,-73.96576927067221,Active,Unenclosed,"40.710709580124295,-73.96576927067221"
UNION STREET PUB,829 FRANKLIN AVE,American,A,2017-06-10,UNION FRANKLIN ONE INC,BROOKLYN,11225,40.66990876285339,-73.95804344097083,Active,Unenclosed,"40.66990876285339,-73.95804344097083"
SAUCE,78 RIVINGTON ST,Italian,A,2017-06-07,SAUCE MANAGEMENT LLC,NEW YORK,10002,40.720480034345975,-73.98933605190479,Active,Unenclosed,"40.720480034345975,-73.98933605190479"
STONEFRUIT,1058 BEDFORD AVE,Cafe/Coffee/Tea,A,2017-06-06,STONEFRUIT INC.,BROOKLYN,11205,40.68879171636957,-73.95515409393448,Active,Unenclosed,"40.68879171636957,-73.95515409393448"
WEST END HALL BEER GARDEN,2756 BROADWAY,American,A,2017-06-01,2756 BROADWAY LLC,NEW YORK,10025,40.80088051794169,-73.96772751600464,Active,Unenclosed,"40.80088051794169,-73.96772751600464"
THE FLYING COCK PUB,497 3RD AVE,Irish,A,2017-06-01,MUNSTER CAFE LLC,NEW YORK,10016,40.74529379166425,-73.97821665586977,Active,Unenclosed,"40.74529379166425,-73.97821665586977"
SWEETS BY CHLOE,185 BLEECKER ST,Bakery,A,2017-05-26,E2 185 BLEECKER LLC,NEW YORK,10012,40.72924453428038,-74.00096334526998,Active,Unenclosed,"40.72924453428038,-74.00096334526998"
BEDFORD AND CO,118 E 40TH ST,American,A,2017-05-24,MP BEDFORD PROPERTY LLC,NEW YORK,10016,40.75017109134341,-73.9775978932584,Active,Small Unenclosed,"40.75017109134341,-73.9775978932584"
FUMO RESTAURANT,1600 AMSTERDAM AVE,Italian,A,2017-05-24,"1600 AMSTERDAM HARLEM GROUP, LLC",NEW YORK,10031,40.82138852893723,-73.95065322448619,Active,Unenclosed,"40.82138852893723,-73.95065322448619"
BRIK BAR LOUNGE & KITCHEN,3216 STEINWAY ST,American,A,2017-05-15,"AFB LOUNGE, LLC",ASTORIA,11103,40.758598967359454,-73.91950896574564,Active,Unenclosed,"40.758598967359454,-73.91950896574564"
BOQUERIA,1460 2ND AVE,Tapas,A,2017-05-15,BOQUERIA UES LLC,NEW YORK,10075,40.77148884613719,-73.95617428197036,Active,Unenclosed,"40.77148884613719,-73.95617428197036"
SALT & BONE SMOKEHOUSE,3207 30TH AVE,American,A,2017-05-15,BISCUITERIA LLC,ASTORIA,11102,40.766567549048574,-73.92035852904897,Active,Enclosed,"40.766567549048574,-73.92035852904897"
CHEFS CLUB COUNTER,62 SPRING ST,American,A,2017-05-12,"CCFC 62 SPRING, LLC",NEW YORK,10012,40.7222508672299,-73.99735919573706,Active,Small Unenclosed,"40.7222508672299,-73.99735919573706"
LOKAL,473 COLUMBUS AVE,Mediterranean,A,2017-05-10,ACS COLUMBUS LLC,NEW YORK,10024,40.78423796221628,-73.9735745937788,Active,Unenclosed,"40.78423796221628,-73.9735745937788"
DEMO ONE,4401 30TH AVE,Chinese,A,2017-05-10,La Luna Deli &Cafe Inc.,ASTORIA,11103,40.76245776132981,-73.91158793300104,Active,Unenclosed,"40.76245776132981,-73.91158793300104"
JIN RAMEN UWS,462 AMSTERDAM AVE,Japanese,A,2017-05-10,JIN UPPER WEST SIDE CORP,NEW YORK,10024,40.785399706265075,-73.97693604620702,Active,Unenclosed,"40.785399706265075,-73.97693604620702"
DANDANA,4221 BROADWAY,Mediterranean,A,2017-05-09,SYMPATOCH CAFE INC.,ASTORIA,11103,40.758072850166094,-73.91687459508613,Active,Unenclosed,"40.758072850166094,-73.91687459508613"
ANTIKA PIZZERIA,3924 BROADWAY,Pizza/Italian,A,2017-05-04,ANTIKA PIZZERIA INC.,NEW YORK,10032,40.83860447317683,-73.94128028181764,Active,Unenclosed,"40.83860447317683,-73.94128028181764"
THE DRAFT HOUSE,3473 BROADWAY,Pizza/Italian,A,2017-05-01,THE DRAFT HOUSE LLC,NEW YORK,10031,40.82447424149692,-73.95219738523284,Active,Unenclosed,"40.82447424149692,-73.95219738523284"
BAR NANA,63 GANSEVOORT STREET,Armenian,A,2017-04-19,SLJ BAR LLC,NEW YORK,10014,40.73975396556479,-74.00735072600594,Active,Unenclosed,"40.73975396556479,-74.00735072600594"
POCO,33 AVENUE B,Spanish,A,2017-04-14,"BECAF, LLC",NEW YORK,10009,40.72239511263891,-73.98298625691852,Active,Unenclosed,"40.72239511263891,-73.98298625691852"
WINE:34,127 E 34TH ST,Italian,A,2017-04-12,VER34 LLC,NEW YORK,10016,40.74675433036776,-73.98004954173088,Active,Small Unenclosed,"40.74675433036776,-73.98004954173088"
PLAYGROUND COFFEE SHOP,1114 BEDFORD AVE,Cafe/Coffee/Tea,A,2017-04-04,"PLAYGROUND COFFEE SHOP, INC",BROOKLYN,11216,40.686625911869676,-73.95469401719781,Active,Unenclosed,"40.686625911869676,-73.95469401719781"
AT THE WALLACE,3612 BROADWAY,American,A,2017-03-28,SOUTH LAKE HOSPITALITY GROUP INC.,NEW YORK,10031,40.82865012336712,-73.94853759849809,Active,Unenclosed,"40.82865012336712,-73.94853759849809"
The Trestle,3402 BROADWAY,American,A,2017-03-25,"34-02 Broadway Tavern, Inc.",ASTORIA,11106,40.76061321601106,-73.92294660944891,Active,Unenclosed,"40.76061321601106,-73.92294660944891"
CAFE CLOVER,10 DOWNING ST,American,A,2017-03-03,10 DOWNING RESTAURANT LLC,NEW YORK,10014,40.72922529018718,-74.00283230643694,Active,Unenclosed,"40.72922529018718,-74.00283230643694"
SOUVLAKI GR MIDTOWN,162 W 56TH ST,Greek,A,2017-02-21,"SGR HOSPITALITY GROUP, LLC",NEW YORK,10019,40.764554015871354,-73.98011279893792,Active,Small Unenclosed,"40.764554015871354,-73.98011279893792"
WOODLOT,756 9TH AVE,American,A,2017-02-15,"HIGHLANDERS 756, INC",NEW YORK,10019,40.76388543540415,-73.98844106403807,Active,Unenclosed,"40.76388543540415,-73.98844106403807"
HARLEM PUBLIC RESTAURANT,3612 BROADWAY,American,A,2017-02-14,SOUTH LAKE HOSPITALITY GROUP INC.,NEW YORK,10031,40.82865012336712,-73.94853759849809,Active,Unenclosed,"40.82865012336712,-73.94853759849809"
BEERZAAR,213 6TH AVE,"Bottled beverages, including water, sodas, juices, etc.",A,2017-02-13,SOHO MARKET & BEER MERCHANTS INC,NEW YORK,10014,40.727507058557,-74.00336620862556,Active,Unenclosed,"40.727507058557,-74.00336620862556"
PRESTO FRESH CAFE,559 LENOX AVE,Spanish,A,2017-02-09,PRESTO FRESH CAFE CORP.,NEW YORK,10037,40.81635761512873,-73.93946101706446,Active,Unenclosed,"40.81635761512873,-73.93946101706446"
The Empire Rooftop,44 W 63RD ST,American,A,2017-02-02,ERS ENTERPRISES INC.,NEW YORK,10023,40.771350387999604,-73.9825477326751,Active,Enclosed,"40.771350387999604,-73.9825477326751"
NAKED DOG,47 JAVA ST,Italian,A,2017-01-28,"RIVERWALK MANAGEMENT, INC",BROOKLYN,11222,40.7313343374704,-73.95929648239094,Active,Unenclosed,"40.7313343374704,-73.95929648239094"
THE LOYAL,289 BLEECKER ST,American,A,2017-01-24,289 BLEECKER RESTAURANT LLC,NEW YORK,10014,40.732159418409,-74.00338809280369,Active,Unenclosed,"40.732159418409,-74.00338809280369"
THE CRABBY SHACK,613 FRANKLIN AVE,American,A,2017-01-19,THE CRABBY SHACK LLC,BROOKLYN,11238,40.67734613415788,-73.95546102437014,Active,Unenclosed,"40.67734613415788,-73.95546102437014"
SUTEISHI,24 PECK SLIP,Japanese,A,2017-01-10,SLAMMERS INC,NEW YORK,10038,40.707868335634,-74.00183590075291,Active,Unenclosed,"40.707868335634,-74.00183590075291"
OFICINA 1000 MIGLIA,371 BROOME ST,Italian,A,2016-12-30,"KALE NYC, LLC",NEW YORK,10013,40.720066007165975,-73.99620847774061,Active,Unenclosed,"40.720066007165975,-73.99620847774061"
JAM'S,1414 AVENUE OF THE AMERICAS,American,A,2016-12-27,"1414 HOLDINGS, L.L.C.",NEW YORK,10019,40.76470707765361,-73.9766796851479,Active,Small Unenclosed,"40.76470707765361,-73.9766796851479"
ANCHOR HEIGHTS,575 W 207TH ST,Italian,A,2016-12-15,"ANCHOR HEIGHTS, LLC",NEW YORK,10034,40.86664827053328,-73.92033267337297,Active,Unenclosed,"40.86664827053328,-73.92033267337297"
BRAZEN FOX KITCHEN AND BAR,106 3RD AVE,American,A,2016-12-13,106 3RD AVE NYC INC.,NEW YORK,10003,40.73280657720272,-73.98773563437739,Active,Unenclosed,"40.73280657720272,-73.98773563437739"
GUYERS,286 COLUMBUS AVE,American,A,2016-11-15,GUYERS INC.,NEW YORK,10023,40.778617701545855,-73.97814076171872,Active,Unenclosed,"40.778617701545855,-73.97814076171872"
REUNION,544 UNION AVE,Cafe/Coffee/Tea,A,2016-11-09,ZUPPANYC LLC,BROOKLYN,11211,40.71709440444361,-73.95184872954867,Active,Unenclosed,"40.71709440444361,-73.95184872954867"
FONDA OF CHELSEA,189 9TH AVE,Mexican,A,2016-10-25,FONDA OF CHELSEA LLC,NEW YORK,10011,40.74556207161515,-74.00218339564857,Active,Unenclosed,"40.74556207161515,-74.00218339564857"
GREENPOINT BEER & ALE,7 N 15TH ST,American,A,2016-10-04,"7 N 15TH ST., CORP.",BROOKLYN,11222,40.725155100039046,-73.95711752921584,Active,Unenclosed,"40.725155100039046,-73.95711752921584"
PAOWALLA,195 SPRING ST,Indian,A,2016-09-28,NEW INDIAN FOODS LLC,NEW YORK,10012,40.72533596259931,-74.00313159045771,Active,Unenclosed,"40.72533596259931,-74.00313159045771"
COCINA TALLER,416 W 203RD ST,Latin,B,2016-06-17,"203 LENA, INC",NEW YORK,10034,40.861344879777405,-73.9194207648769,Active,Unenclosed,"40.861344879777405,-73.9194207648769"
